identifier,labels,text,es-CO,de,context
matrix-reasoning-instruct1,matrix-reasoning,"We’re going to show you a puzzle, and your job is to pick the best piece to complete the puzzle. Let's get started!",Vamos a mostrarte un rompecabezas. Tu tarea es elegir la mejor pieza para completarlo. ¡Empecemos!,"Wir zeigen dir ein Puzzle, und deine Aufgabe ist es, das beste Teil zu finden, um das Puzzle zu vervollständigen. Los geht's!","matrix-reasoning-instruct1

Sheet: translation-items-v1"
matrix-reasoning-instruct2,matrix-reasoning,See this big puzzle? It's missing a piece! Which piece goes in the puzzle?,¿Ves este gran rompecabezas? Le falta una pieza. ¿Cuál pieza va en el rompecabezas?,Siehst du dieses große Puzzle? Es fehlt ein Teil! Welches Teil gehört in das Puzzle?,"matrix-reasoning-instruct2

Sheet: translation-items-v1"
mental-rotation-instruct1,mental-rotation,Do you see these two shadows? One goes with this shape. Let’s see which one goes with the shape.,¿Ves estas dos sombras? Una va con esta figura. Veamos cuál va con la figura.,"Siehst du diese beiden Schatten? Einer passt zu dieser Form. Lass uns sehen, welcher zu dieser Form passt.","mental-rotation-instruct1

Sheet: translation-items-v1"
mental-rotation-training-instruct2,mental-rotation,Let's see if this shape goes with the shadow. This shape doesn’t go with the shadow.,Veamos si esta figura va con la sombra. Esta figura no va con la sombra.,"Mal sehen, ob diese Form zu dem Schatten passt. Diese Form passt nicht zum Schatten.","mental-rotation-training-instruct2

Sheet: translation-items-v1"
mental-rotation-training-instruct3,mental-rotation,Let's see if this shape goes with the shadow. This shape does go with the shadow.,Veamos si esta figura va con la sombra. Esta figura sí va con la sombra.,"Mal sehen, ob diese Form zu dem Schatten passt. Diese Form passt zu dem Schatten.","mental-rotation-training-instruct3

Sheet: translation-items-v1"
mental-rotation-test-instruct4,mental-rotation,Now you try! Can you find the shape that goes with the shadow?,"¡Ahora, inténtalo tú! ¿Puedes encontrar la figura que va con la sombra?","Jetzt versuch du es! Kannst du die Form finden, die zum Schatten passt?","mental-rotation-test-instruct4

Sheet: translation-items-v1"
feedback-try-again,general,Please try again!,¡Inténtalo de nuevo!,Versuch es noch einmal!,"feedback-try-again

Sheet: translation-items-v1"
feedback-good-job,general,Good job!,¡Bien hecho!,Gut gemacht!,"feedback-good-job

Sheet: translation-items-v1"
feedback-nice-work,general,Nice work!,¡Muy bien!,Sehr gut!,"feedback-nice-work

Sheet: translation-items-v1"
general-intro1,general,Hello! Today we're going to solve some puzzles. Are you ready? Press the OK button!,"¡Hola! Hoy vamos a resolver algunos acertijos. Para comenzar, ¡toca la tecla OK!",Hallo! Heute werden wir einige Rätsel lösen. Bist du bereit? Klick auf die OK-Taste!,"general-intro1

Sheet: translation-items-v1"
pick-buddy,general,Pick a buddy to play with!,¡Escoge un amigo para jugar!,Wähle einen Freund zum Mitspielen!,"pick-buddy

Sheet: translation-items-v1"
replay-button,general,Press the replay button if you want the question repeated.,Presiona el botón de repetición si deseas que se repita la pregunta.,"Klick auf die Wiederholungstaste, wenn die Frage wiederholt werden soll.","replay-button

Sheet: translation-items-v1"
general-fullscreen,general,Switch to full screen mode,Cambiar al modo de pantalla completa,Wechseln Sie in den Vollbildmodus,"general-fullscreen

Sheet: translation-items-v1"
general-exit,general,Exit,Salir,Exit,"general-exit

Sheet: translation-items-v1"
task-completion,general,You've finished this game. Thank you!,Has terminado este juego. ¡Gracias!,You've finished this game. Thank you!,"task-completion

Sheet: translation-items-v1"
matrix-reasoning-prompt1,matrix-reasoning,Choose the best pattern to fill in the blank.,Escoge el mejor patrón para llenar el espacio en blanco.,"Wähle das beste Muster, um die Lücke zu füllen.","matrix-reasoning-prompt1

Sheet: translation-items-v1"
mental-rotation-prompt2,mental-rotation,Choose the picture that matches this one.,Escoge la imagen que coincida con esta.,"Wähle das Bild aus, das zu diesem Bild passt.","mental-rotation-prompt2

Sheet: translation-items-v1"
mental-rotation-prompt1,mental-rotation,Choose the matching picture.,Escoge la imagen que coincide.,Wähle das passende Bild aus.,"mental-rotation-prompt1

Sheet: translation-items-v1"
math-instructions1,math,We are going to play some counting games and some number games. Let's get started!,Vamos a practicar con juegos de contar y juegos de números. ¡Empecemos!,Wir werden einige Zählspiele und Zahlenspiele spielen. Bist du bereit?,"math-instructions1

Sheet: translation-items-v1"
number-comparison-prompt1,number-comparison,Which number is larger?,¿Cuál número es mayor?,Welche Zahl ist größer?,"number-comparison-prompt1

Sheet: translation-items-v1"
number-comparison-prompt2,number-comparison,Which is larger?,¿Cuál es mayor?,Welche ist größer?,"number-comparison-prompt2
Do you refer to the number? In German the relative pronoun changes depending on the noun.
RESPONSE: Yes, this is for numbers.
Sheet: translation-items-v1"
number-identification-prompt1,number-identification,Choose the number you hear.,Escoge el número cuando lo escuches.,"Wähle die Zahl, die du hörst.","number-identification-prompt1

Sheet: translation-items-v1"
missing-number-prompt1,missing-number,What number goes in the blank?,¿Cuál número va en el espacio en blanco?,Welche Zahl gehört in die Lücke?,"missing-number-prompt1

Sheet: translation-items-v1"
missing-number-prompt2,missing-number,What number goes here?,¿Cuál número va aquí?,Welche Zahl gehört hierher?,"missing-number-prompt2

Sheet: translation-items-v1"
addition-prompt1,addition,Add the numbers and choose the correct answer.,Suma los números y elige la respuesta correcta.,Addiere die Zahlen und wähle die richtige Antwort.,"addition-prompt1

Sheet: translation-items-v1"
addition-prompt2,addition,Add the numbers.,Suma los números.,Addiere die Zahlen. ,"addition-prompt2

Sheet: translation-items-v1"
subtraction-prompt1,subtraction,Subtract the numbers and choose the correct answer.,Resta los números y elige la respuesta correcta.,Ziehe die Zahlen ab und wähle die richtige Antwort.,"subtraction-prompt1

Sheet: translation-items-v1"
subtraction-prompt2,subtraction,Subtract the numbers.,Resta los números.,Ziehe die Zahlen ab. ,"subtraction-prompt2

Sheet: translation-items-v1"
multiplication-prompt1,multiplication,Multiply the numbers and choose the correct answer.,Multiplica los números y elige la respuesta correcta.,Multipliziere die Zahlen und wähle die richtige Antwort.,"multiplication-prompt1

Sheet: translation-items-v1"
multiplication-prompt2,multiplication,Multiply the numbers.,Multiplica los números.,Multipliziere die Zahlen. ,"multiplication-prompt2

Sheet: translation-items-v1"
number-line-prompt1,number-line-4AFC,Choose the number that is marked on the number line.,Elige el número que está marcado en la línea recta de números.,"Wähle die Zahl, die auf der Zahlenreihe markiert ist.","number-line-prompt1

Sheet: translation-items-v1"
number-line-slider-prompt1,number-line-slider,Move the slider to the indicated number.,Mueve la regla hasta el número indicado.,Bewege den Schieberegler auf die angegebene Zahl.,"number-line-slider-prompt1

Sheet: translation-items-v1"
number-identification-1,number-identification,Choose the number 1.,Elige el número 1.,Wähle die Zahl 1.,"number-identification-1

Sheet: translation-items-v1"
number-identification-2,number-identification,Choose the 2.,Elige el 2.,Wähle die 2.,"number-identification-2

Sheet: translation-items-v1"
number-identification-3,number-identification,Choose the 9.,Elige el 9.,Wähle die 9.,"number-identification-3

Sheet: translation-items-v1"
number-identification-4,number-identification,Choose the 0.,Elige el 0.,Wähle die 0.,"number-identification-4

Sheet: translation-items-v1"
number-identification-5,number-identification,Choose the 12.,Elige el 12.,Wähle die 12.,"number-identification-5

Sheet: translation-items-v1"
number-identification-6,number-identification,Choose the 30.,Elige el 30.,Wähle die 30.,"number-identification-6

Sheet: translation-items-v1"
number-identification-7,number-identification,Choose the 22.,Elige el 22.,Wähle die 22.,"number-identification-7

Sheet: translation-items-v1"
number-identification-8,number-identification,Choose the 45.,Elige el 45.,Wähle die 45.,"number-identification-8

Sheet: translation-items-v1"
number-identification-9,number-identification,Choose the 39.,Elige el 39.,Wähle die 39.,"number-identification-9

Sheet: translation-items-v1"
number-identification-10,number-identification,Choose the 23.,Elige el 23.,Wähle die 23.,"number-identification-10

Sheet: translation-items-v1"
number-identification-11,number-identification,Choose the 48.,Elige el 48.,Wähle die 48.,"number-identification-11

Sheet: translation-items-v1"
number-identification-12,number-identification,Choose the 91.,Elige el 91.,Wähle die 91.,"number-identification-12

Sheet: translation-items-v1"
number-identification-13,number-identification,Choose the 33.,Elige el 33.,Wähle die 33.,"number-identification-13

Sheet: translation-items-v1"
number-identification-14,number-identification,Choose the 74.,Elige el 74.,Wähle die 74.,"number-identification-14

Sheet: translation-items-v1"
number-identification-15,number-identification,Choose the 87.,Elige el 87.,Wähle die 87.,"number-identification-15

Sheet: translation-items-v1"
number-identification-16,number-identification,Choose the 65.,Elige el 65.,Wähle die 65.,"number-identification-16

Sheet: translation-items-v1"
number-identification-17,number-identification,Choose the 108.,Elige el 108.,Wähle die 108.,"number-identification-17

Sheet: translation-items-v1"
number-identification-18,number-identification,Choose the 245.,Elige el 245.,Wähle die 245.,"number-identification-18

Sheet: translation-items-v1"
number-identification-19,number-identification,Choose the 587.,Elige el 587.,Wähle die 587.,"number-identification-19

Sheet: translation-items-v1"
number-identification-20,number-identification,Choose the 731.,Elige el 731.,Wähle die 731.,"number-identification-20

Sheet: translation-items-v1"
number-identification-21,number-identification,Choose the 989.,Elige el 989. ,Wähle die 989.,"number-identification-21

Sheet: translation-items-v1"
trog-instruct1,trog,"Now we're going to play a matching game! I'm going to say some words, and you choose the picture that goes with what I say. Let's get started!","Ahora, ¡vamos a hacer un juego de asociación! Yo diré palabras y tú tocarás la imagen que va con las palabras que yo diga. ¡Empecemos!","Jetzt werden wir ein Zuordnungsspiel spielen! Ich sage ein paar Worte, und du berührst das Bild, das zu dem passt, was ich sage. Bist du bereit?","trog-instruct1

Sheet: translation-items-v1"
trog-prompt1,trog,Choose the picture of the...,Elige la imagen del...,Berühre das Bild mit dem/der/den...,"trog-prompt1
These are general prompts and I understand the tricky part (same for Spanish). These introduce the items labeled ""trog"" below. The examples are in the link I put in my comment below (line 59).
Sheet: translation-items-v1"
trog-prompt2,trog,Choose the picture of...,Elige la imagen de...,Berühre das Bild mit...,"trog-prompt2

Sheet: translation-items-v1"
trog-prompt3,trog,Choose the picture that shows...,Elige la imagen que muestra...,Berühre das Bild was folgendes zeigt:,"trog-prompt3
This is the right translation. 
Sheet: translation-items-v1"
same-different-selection-prompt1,same-different-selection,Here is another picture. Which of these is the same as this one?,Aquí hay otra figura. ¿Cuál de las anteriores tiene algo en común con esta nueva figura?,Hier ist ein weiteres Bild. Welches davon ist dasselbe wie dieses?,"same-different-selection-prompt1

Sheet: translation-items-v1"
same-different-selection-prompt2,same-different-selection,Choose two pictures that are the same.,Escoge dos imágenes que tengan algo en común.,"Wähle zwei Bilder aus, die gleich sind.","same-different-selection-prompt2

Sheet: translation-items-v1"
same-different-selection-prompt3,same-different-selection,Choose two pictures that are the same in a different way.,"Escoge dos imágenes que tengan algo en común, pero con diferente forma.","Wähle zwei Bilder, die gleich sind, aber Unterschiede aufweisen.","same-different-selection-prompt3
For example: the boy is standing on a chair (when there is another picture with a boy standing on two chairs too). So, in this case in German it would be that the picture is the same but showing some differences. 
RESPONSE: Ah, so these instructions are for a different task (not TROG).
This is the description of the task in this line: This task measures set shifting. Children are shown two pictures that are similar along one dimension (content, color, or size) and verbal told the dimension of similarity. Next, children see the same two pictures plus a new third picture. The third picture is similar to one of the first two pictures along a dimension that is different from that of the first two pictures (e.g., if the first two pictures were similar along the dimension of shape, the third picture would be similar to one of the first two pictures along the dimension of color or size). Children are asked to choose which of the two original pictures is the same as the new third picture. https://hs-levante-assessment-dev.web.app/?task=same-different-selection  - Ok, then this is also the right translation I chose. 

Sheet: translation-items-v1"
shared-intro-devices,trog,"You can tap on a touchscreen, use the touchpad, or press the arrow keys for this activity. Try it now.","You can tap on a touchscreen, use the touchpad, or press the arrow keys for this activity. Try it now.","You can tap on a touchscreen, use the touchpad, or press the arrow keys for this activity. Try it now.","shared-intro-devices

Sheet: translation-items-v1"
shared-choose-picture-press-arrow,trog,"To use an arrow key to choose a picture, press the key that points the same direction as the arrow below the picture.","To use an arrow key to choose a picture, press the key that points the same direction as the arrow below the picture.","To use an arrow key to choose a picture, press the key that points the same direction as the arrow below the picture.","shared-choose-picture-press-arrow

Sheet: translation-items-v1"
shared-intro-replay,trog,You can press the replay button to hear things again. Try it now.,You can press the replay button to hear things again. Try it now.,You can press the replay button to hear things again. Try it now.,"shared-intro-replay

Sheet: translation-items-v1"
trog-instr1-matching,trog,"This is a matching activity. Listen to what I say, then look at the pictures carefully. Choose the picture that goes with the words you hear.","This is a matching activity. Listen to what I say, then look at the pictures carefully. Choose the picture that goes with the words you hear.","This is a matching activity. Listen to what I say, then look at the pictures carefully. Choose the picture that goes with the words you hear.","trog-instr1-matching

Sheet: translation-items-v1"
trog-item-1,trog,Choose the picture of the shoe.,Elige la imagen del zapato.,Wähle das Bild mit dem Schuh.,"trog-item-1

Sheet: translation-items-v1"
trog-item-2,trog,Choose the picture of the bird.,Elige la imagen del pájaro.,Wähle das Bild mit dem Vogel.,"trog-item-2

Sheet: translation-items-v1"
trog-item-3,trog,Choose the picture of the comb.,Elige la imagen del peine.,Wähle das Bild mit dem Kamm.,"trog-item-3

Sheet: translation-items-v1"
trog-item-4,trog,Choose the picture of the apple.,Elige la imagen de la manzana.,Wähle das Bild mit dem Apfel.,"trog-item-4

Sheet: translation-items-v1"
trog-item-5,trog,Choose the picture that shows eating.,Elige la imagen que muestra comiendo.,"Wähle das Bild aus, das zeigt, wie jemand isst.","trog-item-5

Sheet: translation-items-v1"
trog-item-6,trog,Choose the picture that shows picking.,Elige la imagen que muestra recogiendo.,"Wähle das Bild aus, das zeigt, wie jemand pflückt.","trog-item-6

Sheet: translation-items-v1"
trog-item-7,trog,Choose the picture that shows sitting.,Elige la imagen que muestra sentado.,"Wähle das Bild aus, das zeigt, wie jemand sitzt.","trog-item-7

Sheet: translation-items-v1"
trog-item-8,trog,Choose the picture that shows running.,Elige la imagen que muestra corriendo.,"Wähle das Bild aus, das zeigt, wie jemand läuft.","trog-item-8

Sheet: translation-items-v1"
trog-item-9,trog,Choose the picture that shows long.,Elige la imagen que muestra largo.,"Wähle das Bild aus, das etwas langes zeigt.","trog-item-9

Sheet: translation-items-v1"
trog-item-10,trog,Choose the picture that shows tall.,Elige la imagen que muestra alto.,"Wähle das Bild aus, das etwas großes zeigt.","trog-item-10

Sheet: translation-items-v1"
trog-item-11,trog,Choose the picture that shows red.,Elige la imagen que muestra el rojo.,"Wähle das Bild aus, das etwas rotes zeigt.","trog-item-11

Sheet: translation-items-v1"
trog-item-12,trog,Choose the picture that shows black.,Elige la imagen que muestra el negro.,"Wähle das Bild aus, das etwas schwarzes zeigt.","trog-item-12

Sheet: translation-items-v1"
trog-item-13,trog,the boy is running,el niño está corriendo,der Junge rennt.,"trog-item-13

Sheet: translation-items-v1"
trog-item-14,trog,the big cup,la taza grande,die große Tasse.,"trog-item-14

Sheet: translation-items-v1"
trog-item-15,trog,the dog is sitting,el perro está sentado,der Hund sitzt.,"trog-item-15

Sheet: translation-items-v1"
trog-item-16,trog,the red ball,la pelota roja,der rote Ball.,"trog-item-16

Sheet: translation-items-v1"
trog-item-17,trog,the boy is not running,el niño no está corriendo,der Junge rennt nicht.,"trog-item-17

Sheet: translation-items-v1"
trog-item-18,trog,the dog is not drinking,el perro no está bebiendo,der Hund trinkt nicht.,"trog-item-18

Sheet: translation-items-v1"
trog-item-19,trog,the girl is not jumping,la niña no está saltando,das Mädchen hüpft nicht.,"trog-item-19

Sheet: translation-items-v1"
trog-item-20,trog,the dog is not sitting,el perro no está sentado,der Hund sitzt nicht.,"trog-item-20

Sheet: translation-items-v1"
trog-item-21,trog,the boy is jumping over the box,el niño salta por encima de la caja,der Junge springt über den Kasten. ,"trog-item-21

Sheet: translation-items-v1"
trog-item-22,trog,the girl is sitting on the table,la niña está sentada encima de la mesa,das Mädchen sitzt auf dem Tisch.,"trog-item-22

Sheet: translation-items-v1"
trog-item-23,trog,the man is eating the apple,el hombre se está comiendo una manzana,der Mann ißt einen Apfel.,"trog-item-23

Sheet: translation-items-v1"
trog-item-24,trog,the lady is carrying the bag,la señora está llevando la bolsa,die Frau trägt eine Tasche.,"trog-item-24

Sheet: translation-items-v1"
trog-item-25,trog,they are sitting on the table,están sentadas encima de la mesa,sie sitzen auf dem Tisch.,"trog-item-25

Sheet: translation-items-v1"
trog-item-26,trog,the cow is looking at them,la vaca está mirándolas,die Kuh sieht sie an.,"trog-item-26

Sheet: translation-items-v1"
trog-item-27,trog,they are jumping over the wall,están saltando por encima de la pared,sie springen über die Mauer.,"trog-item-27

Sheet: translation-items-v1"
trog-item-28,trog,the elephant is carrying them,el elefante está llevandolos,der Elefant trägt sie,"trog-item-28

Sheet: translation-items-v1"
trog-item-29,trog,the girl is pushing the horse,la niña está empujando al caballo,das Mädchen schiebt das Pferd,"trog-item-29

Sheet: translation-items-v1"
trog-item-30,trog,the boy is chasing the sheep,el niño persigue a la oveja,der Junge jagt das Schaf,"trog-item-30

Sheet: translation-items-v1"
trog-item-31,trog,the man is chasing the dog,el hombre persigue al perro,der Mann jagt den Hund,"trog-item-31

Sheet: translation-items-v1"
trog-item-32,trog,the cow is pushing the lady,la vaca está empujando a la señora,die Kuh schiebt die Dame,"trog-item-32

Sheet: translation-items-v1"
trog-item-33,trog,she is sitting on the chair,ella está sentada en la silla,sie sitzt auf dem Stuhl.,"trog-item-33

Sheet: translation-items-v1"
trog-item-34,trog,the lady is carrying him,la señora lo está cargando,die Dame trägt ihn,"trog-item-34

Sheet: translation-items-v1"
trog-item-35,trog,he is sitting in the tree,él está sentado en el árbol,er sitzt auf dem Baum,"trog-item-35

Sheet: translation-items-v1"
trog-item-36,trog,the horse is looking at her,el caballo la está mirando,das Pferd sieht sie an,"trog-item-36

Sheet: translation-items-v1"
trog-item-37,trog,the cats look at the ball,los gatos miran la pelota,die Katzen schauen auf den Ball,"trog-item-37

Sheet: translation-items-v1"
trog-item-38,trog,the boy stands on the chairs,el niño se para encima de las sillas,der Junge steht auf den Stühlen,"trog-item-38

Sheet: translation-items-v1"
trog-item-39,trog,the boys pick the apples,los niños recogen las manzanas,die Jungen pflücken die Äpfel,"trog-item-39

Sheet: translation-items-v1"
trog-item-40,trog,the girl drops the cups,la niña deja caer las tazas,das Mädchen lässt die Tassen fallen,"trog-item-40

Sheet: translation-items-v1"
trog-item-41,trog,the fork is longer than the pencil,el tenedor es más largo que el lápiz,die Gabel ist länger als der Bleistift,"trog-item-41

Sheet: translation-items-v1"
trog-item-42,trog,the box is bigger than the cup,la caja es más grande que la taza,die Schchtel ist größer als die Tasse,"trog-item-42

Sheet: translation-items-v1"
trog-item-43,trog,the shoe is bigger than the bird,el zapato es más grande que el pájaro,der Schuh ist größer als der Vogel,"trog-item-43

Sheet: translation-items-v1"
trog-item-44,trog,the horse is taller than the wall,el caballo es más alto que la pared,das Pferd ist größer als die Mauer,"trog-item-44

Sheet: translation-items-v1"
trog-item-45,trog,the girl is chased by the horse,la niña es perseguida por el caballo,das Mädchen wird vom Pferd gejagt,"trog-item-45

Sheet: translation-items-v1"
trog-item-46,trog,the elephant is pushed by the boy,el elefante es empujado por el niño,der Elefant wird von dem Jungen geschoben,"trog-item-46

Sheet: translation-items-v1"
trog-item-47,trog,the horse is chased by the man,el caballo es perseguido por el hombre,das Pferd wird von dem Mann gejagt,"trog-item-47

Sheet: translation-items-v1"
trog-item-48,trog,the cow is pushed by the man,la vaca es empujada por el hombre,die Kuh wird von dem Mann geschoben,"trog-item-48

Sheet: translation-items-v1"
trog-item-49,trog,the cup is in the box,la taza está en la caja,die Tasse ist in der Schachtel,"trog-item-49

Sheet: translation-items-v1"
trog-item-50,trog,the pencil is on the box,el lápiz está encima de la caja,der Bleistift ist auf der Schachtel,"trog-item-50

Sheet: translation-items-v1"
trog-item-51,trog,the circle is in the star,el círculo está en la estrella,der Kreis ist im Stern,"trog-item-51

Sheet: translation-items-v1"
trog-item-52,trog,the fork is on the shoe,el tenedor está encima del zapato,die Gabel ist auf dem Schuh,"trog-item-52

Sheet: translation-items-v1"
trog-item-53,trog,the boy chasing the horse is tall,el niño que persigue al caballo es alto,"der Junge, der das Pferd jagt, ist groß","trog-item-53

Sheet: translation-items-v1"
trog-item-54,trog,the pencil on the shoe is blue,el lápiz encima del zapato es azul,der Bleistift auf dem Schuh ist blau,"trog-item-54

Sheet: translation-items-v1"
trog-item-55,trog,the cow chasing the cat is brown,la vaca que persigue al gato es marrón,"die Kuh, die die Katze jagt, ist braun","trog-item-55

Sheet: translation-items-v1"
trog-item-56,trog,the circle in the star is yellow,el círculo en la estrella es amarillo,der Kreis im Stern ist gelb,"trog-item-56

Sheet: translation-items-v1"
trog-item-57,trog,the box but not the chair is red,"la caja es roja, pero no la silla","die Schachtel, aber nicht der Stuhl ist rot","trog-item-57

Sheet: translation-items-v1"
trog-item-58,trog,the cat is big but not black,el gato es grande pero no negro,"die Katze ist groß, aber nicht schwarz","trog-item-58

Sheet: translation-items-v1"
trog-item-59,trog,the horse but not the boy is standing,"el caballo está parado, pero no el niño","das Pferd, aber nicht der Junge, steht","trog-item-59

Sheet: translation-items-v1"
trog-item-60,trog,the boy is sitting but not eating,"el niño está sentado, pero no está comiendo","der Junge sitzt, aber er isst nicht","trog-item-60

Sheet: translation-items-v1"
trog-item-61,trog,the pencil is above the flower,el lápiz está arriba de la flor,der Bleistift ist über der Blume,"trog-item-61

Sheet: translation-items-v1"
trog-item-62,trog,the comb is below the spoon,el peine está debajo de la cuchara,der Kamm ist unter dem Löffel,"trog-item-62

Sheet: translation-items-v1"
trog-item-63,trog,the star is above the circle,la estrella está encima del círculo,der Stern ist über dem Kreis,"trog-item-63

Sheet: translation-items-v1"
trog-item-64,trog,the square is below the star,el cuadrado está debajo de la estrella,das Quadrat ist unter dem Stern,"trog-item-64

Sheet: translation-items-v1"
trog-item-65,trog,not only the bird but also the flower is blue,"no sólo el pájaro, también la flor es azul.","nicht nur der Vogel, sondern auch die Blume ist blau","trog-item-65

Sheet: translation-items-v1"
trog-item-66,trog,the box is not only big but also blue,"la caja no sólo es grande, sino también azul","die Box ist nicht nur groß, sondern auch blau","trog-item-66

Sheet: translation-items-v1"
trog-item-67,trog,not only the girl but also the cat is sitting,"no sólo la niña, también el gato está sentado.","nicht nur das Mädchen, sondern auch die Katze sitzt","trog-item-67

Sheet: translation-items-v1"
trog-item-68,trog,the girl has not only food but also a drink,"la niña no solo tiene comida, sino también bebida","das Mädchen hat nicht nur Essen, sondern auch ein Getränk","trog-item-68

Sheet: translation-items-v1"
trog-item-69,trog,the pencil is on the book that is yellow,el lápiz está encima del libro que es amarillo,"der Bleistift ist auf dem Buch, das gelb ist","trog-item-69

Sheet: translation-items-v1"
trog-item-70,trog,the girl chases the dog that is big,la niña persigue al perro que es grande,"das Mädchen jagt den Hund, der groß ist","trog-item-70

Sheet: translation-items-v1"
trog-item-71,trog,the square is in the star that is blue,el cuadrado está en la estrella que es azul,"das Quadrat ist in dem Stern, der blau ist","trog-item-71

Sheet: translation-items-v1"
trog-item-72,trog,the dog chases the horse that is brown,el perro persigue al caballo que es marrón,"der Hund jagt das Pferd, das braun ist","trog-item-72

Sheet: translation-items-v1"
trog-item-73,trog,neither the dog nor the ball is brown,ni el perro ni la pelota son marrones,weder der Hund noch der Ball sind braun,"trog-item-73

Sheet: translation-items-v1"
trog-item-74,trog,the pencil is neither long nor red,el lápiz no es largo ni rojo,der Bleistift ist weder lang noch rot,"trog-item-74

Sheet: translation-items-v1"
trog-item-75,trog,neither the boy nor the horse is running,ni el niño ni el caballo están corriendo,weder der Junge noch das Pferd rennt,"trog-item-75

Sheet: translation-items-v1"
trog-item-76,trog,the boy has neither hat nor shoes,el niño no tiene ni sombrero ni zapatos,der Junge hat weder Hut noch Schuhe,"trog-item-76

Sheet: translation-items-v1"
trog-item-77,trog,the book the pencil is on is red,"el libro, sobre el que está el lápiz, es rojo","das Buch, auf dem der Bleistift liegt, ist rot","trog-item-77

Sheet: translation-items-v1"
trog-item-78,trog,the cat the cow chases is black,el gato que la vaca persigue es negro,"die Katze, die die Kuh jagt, ist schwarz","trog-item-78

Sheet: translation-items-v1"
trog-item-79,trog,the circle the star is in is red,"el círculo, en el que está la estrella, es rojo","der Kreis, in dem sich der Stern befindet, ist rot","trog-item-79

Sheet: translation-items-v1"
trog-item-80,trog,the boy the dog chases is big,el niño que el perro persigue es grande,"der Junge, den der Hund jagt, ist groß","trog-item-80

Sheet: translation-items-v1"
trog-item-81,trog,the horse drank water by the barn and the sheep ate grass by the fence,"el caballo bebe agua junto al granero, y la oveja come pasto junto a la cerca",das Pferd trank Wasser bei der Scheune und die Schafe fraßen Gras am Zaun,"trog-item-81

Sheet: translation-items-v1"
trog-item-82,trog,the student opened the notebook and drew a tree,el estudiante abre el cuaderno y dibuja un árbol,der Schüler öffnete das Heft und zeichnete einen Baum,"trog-item-82

Sheet: translation-items-v1"
trog-item-83,trog,we will have a picnic in the park if it is sunny,"Si hace sol, haremos un picnic en el parque","Wenn es sonnig ist, werden wir im Park ein Picknick machen.","trog-item-83

Sheet: translation-items-v1"
trog-item-84,trog,he found his keys under the couch with the pillows,encontró sus llaves debajo del sofá con cojines,er fand seine Schlüssel unter der Couch mit den Kissen,"trog-item-84

Sheet: translation-items-v1"
trog-item-85,trog,she is the gardener who wears the hat that has a flower,ella es la jardinera que usa un sombrero que tiene una flor,"sie ist die Gärtnerin, die den Hut mit einer Blume trägt","trog-item-85

Sheet: translation-items-v1"
trog-item-86,trog,She tripped on a rock and dropped her books.,Ella tropezó con una piedra y dejo caer sus libros.,Sie stolperte über einen Stein und ließ ihre Bücher fallen.,"trog-item-86

Sheet: translation-items-v1"
trog-item-87,trog,The teacher will give the students cake if they stand in a line.,"La maestra dará pastel a los estudiantes, si se ponen en fila.","Der Lehrer gibt den Schülern Kuchen, wenn sie in einer Reihe stehen.","trog-item-87

Sheet: translation-items-v1"
trog-item-88,trog,We will dance together if there is music playing.,"Si hay música sonando, bailaremos todos juntos.","Wir tanzen zusammen, wenn Musik läuft.","trog-item-88

Sheet: translation-items-v1"
trog-item-89,trog,"Although it is hot outside, I am wearing a jacket with a hood.","Aunque hace calor afuera, estoy usando una chaqueta con capucha.","Obwohl es draußen heiß ist, trage ich eine Jacke mit Kapuze.","trog-item-89

Sheet: translation-items-v1"
trog-item-90,trog,"He likes swimming, however, he chose to play soccer with his friends.","Él prefiere ir a nadar. Sin embargo, elijió jugar fútbol con sus amigos.","Er schwimmt gerne, aber er hat sich entschieden, mit seinen Freunden Fußball zu spielen.","trog-item-90

Sheet: translation-items-v1"
trog-item-91,trog,"Despite the noise in the classroom, she focused on reading her notebook.","A pesar del ruido en el salón, ella se concentró en leer su cuaderno.",Trotz des Lärms im Klassenzimmer konzentrierte sie sich auf das Lesen ihres Heftes.,"trog-item-91

Sheet: translation-items-v1"
trog-item-92,trog,He wore the clown's hat despite its large size.,Él usó el sombrero de payaso a pesar de su gran tamaño.,Er trug die Clownsmütze trotz ihrer großen Größe.,"trog-item-92

Sheet: translation-items-v1"
trog-item-93,trog,The duck following the turtle is walking across the bridge.,El pato que seguía a la tortuga está caminando por el puente.,"Die Ente, die der Schildkröte folgt, geht über die Brücke.","trog-item-93

Sheet: translation-items-v1"
trog-item-94,trog,Bumping the table with my foot caused a book to fall.,"Al tropezar la mesa con mi pie, tumbé un libro.",Beim Anstoßen des Tisches mit meinem Fuß ist ein Buch heruntergefallen.,"trog-item-94

Sheet: translation-items-v1"
trog-item-95,trog,The person chases the dog that is big.,La persona persigue al perro que es grande.,The person chases the dog that is big.,"trog-item-95

Sheet: translation-items-v1"
trog-item-96,trog,The girl wearing a backpack was given a pen by her friend.,A la chica que llevaba mochila su amiga le regaló un bolígrafo.,The girl wearing a backpack was given a pen by her friend.,"trog-item-96

Sheet: translation-items-v1"
trog-item-97,trog,"The kids cleaned the room, but forgot to put away the train.","Los niños limpiaron la habitación, pero se olvidaron de guardar el tren.","The kids cleaned the room, but forgot to put away the train.","trog-item-97

Sheet: translation-items-v1"
trog-item-98,trog,The monkey neither ate the spotted banana nor swung on the vine.,El mono no se comió el plátano manchado ni se columpió en la liana.,The monkey neither ate the spotted banana nor swung on the vine.,"trog-item-98

Sheet: translation-items-v1"
trog-item-99,trog,"Her mom said it would be sunny. However, it rained heavily.","Su madre dijo que haría sol. Sin embargo, llovió a cántaros.","Her mom said it would be sunny. However, it rained heavily.","trog-item-99

Sheet: translation-items-v1"
trog-item-100,trog,The plane that is gray is above the clouds.,El avión que es gris está por encima de las nubes.,The plane that is gray is above the clouds.,"trog-item-100

Sheet: translation-items-v1"
trog-item-101,trog,The fish swim beneath a whale and a sea turtle.,Los peces nadan bajo una ballena y una tortuga marina.,The fish swim beneath a whale and a sea turtle.,"trog-item-101

Sheet: translation-items-v1"
trog-item-102,trog,The car that the truck followed is driving toward the tunnel.,El coche que siguió el camión va hacia el túnel.,The car that the truck followed is driving toward the tunnel.,"trog-item-102

Sheet: translation-items-v1"
trog-item-103,trog,Instead of doing homework she did a puzzle in her room.,"En vez de hacer los deberes, hizo un puzzle en su habitación.",Instead of doing homework she did a puzzle in her room.,"trog-item-103

Sheet: translation-items-v1"
ToM-scene1-instruct1,theory-of-mind,"Here is Madison. This morning, Madison put her book behind the chair, because she didn’t want anyone to find it. ","Ella es Marisol. Esta mañana, Marisol puso su libro detrás de la silla, porque no quería que nadie lo encontrara.","Das ist Petra. Heute Morgen hat Petra ihr Buch hinter den Stuhl gelegt, weil sie nicht wollte, dass es jemand findet. ","ToM-scene1-instruct1

Sheet: translation-items-v1"
ToM-scene1-instruct2,theory-of-mind,"But when Madison was outside playing, someone did find it! And hid it under the rug. ","Pero, cuando Marisol estaba afuera jugando, ¡alguien lo encontró! Y lo escondió debajo de la alfombra.","Aber als Petra draußen gespielt hat, hat es jemand gefunden! Und hat es unter dem Teppich versteckt. ","ToM-scene1-instruct2

Sheet: translation-items-v1"
ToM-scene1-instruct3,theory-of-mind,So now it’s reading time and Madison wants her book.,"Ahora, es el momento de leer y Marisol quiere su libro.",Jetzt ist also Lesezeit und Petra möchte ihr Buch.,"ToM-scene1-instruct3

Sheet: translation-items-v1"
ToM-scene1-q1-false_belief,theory-of-mind,Where will Madison look first for her book? Behind the chair or under the rug?,"¿Dónde buscará Marisol su libro primero?, ¿detrás de la silla o debajo de la alfombra?",Wo wird Petra zuerst nach ihrem Buch suchen? Hinter dem Stuhl oder unter dem Teppich?,"ToM-scene1-q1-false_belief
Feel free to offer child names that would make sense to German children if the English ones wouldn't.... 
Sheet: translation-items-v1"
ToM-scene1-q2-reality_check,theory-of-mind,And where is her book really? Is it behind the chair or under the rug?,¿Y dónde está realmente su libro? ¿Está detrás de la silla o debajo de la alfombra?,Und wo ist ihr Buch wirklich? Ist es hinter dem Stuhl oder unter dem Teppich?,"ToM-scene1-q2-reality_check

Sheet: translation-items-v1"
ToM-scene1-q3-emotion_reasoning,theory-of-mind,"Look, Madison found her book! How do you think she feels about finding her book?","¡Mira, Marisol encontró su libro! ¿Cómo crees que se siente?","Schau mal, Petra hat ihr Buch gefunden! Was denkst du, wie sie sich fühlt?","ToM-scene1-q3-emotion_reasoning

Sheet: translation-items-v1"
ToM-scene2-instruct1,theory-of-mind,"This morning when he came to school, Ethan put his book above the coat hooks. Ethan’s book is blue! ","Esta mañana, cuando vino a la escuela, Elián puso su libro sobre la repisa encima de los colgaderos de abrigos. El libro de Elián es azul.","Heute Morgen, als er in die Schule kam, hat Klaus sein Buch über den Garderobenhaken gehängt. Das Buch von Klaus ist blau! ","ToM-scene2-instruct1

Sheet: translation-items-v1"
ToM-scene2-instruct2,theory-of-mind,"And then he went outside to play, see? Here’s Ethan playing outside. And while he was outside playing, Ethan’s book fell down from above the coat hooks to behind the coats, see? ","Y luego salió a jugar, ¿ves?, aquí está Elián jugando afuera. Y mientras estaba afuera jugando, el libro de Elián se cayó de la repisa, detrás de los abrigos, ¿ves?","Und dann ist er nach draußen gegangen, um zu spielen, siehst du? Hier ist Klaus beim Spielen draußen. Und während er draußen spielte, fiel das Buch von Klaus von den Garderobenhaken auf die Rückseite der Mäntel, siehst du? ","ToM-scene2-instruct2

Sheet: translation-items-v1"
ToM-scene2-instruct3,theory-of-mind,"Then Paul comes in and Paul puts his book up here, above the coat hooks. Paul’s book is also blue! Ethan is still outside playing, so he didn't see what Paul was doing.","Más tarde, entró Pablo y puso su libro aquí arriba, sobre la repisa encima de los colgaderos. ¡El libro de Pablo también es azul! Elián todavía está afuera jugando, así que no vio lo que estaba haciendo Pablo.","Dann kommt Paul herein und Paul legt sein Buch hier oben über die Kleiderhaken. Pauls Buch ist auch blau! Ethan ist noch draußen und spielt, deshalb hat er nicht gesehen, was Paul gemacht hat.","ToM-scene2-instruct3

Sheet: translation-items-v1"
ToM-scene2-q1-false_belief,theory-of-mind,"Now, when Ethan comes in from outside, where will he look first for his book: up on the shelf, or behind the coats?","Entonces, cuando Elián entre, ¿dónde buscará primero su libro: sobre la repisa o detrás de los abrigos?","Wenn Klaus nun von draußen hereinkommt, wo wird er zuerst nach seinem Buch suchen: oben im Regal oder hinter den Mänteln?","ToM-scene2-q1-false_belief

Sheet: translation-items-v1"
ToM-scene2-instruct4,theory-of-mind,"Let’s see what he does. Oh look, here is Ethan reaching for this book up on the shelf. And now Paul sees Ethan reaching for that book--the book that Paul thinks is his!","Veamos lo que hace. Mira, aquí está Elián cogiendo ese libro de la repisa. Y Pablo ve a Elián tomando el libro--¡el libro que Pablo cree que es suyo!","Lass uns schauen, was er macht. Oh, sieh mal, hier ist Klaus, der nach diesem Buch oben im Regal greift. Und jetzt sieht Paul, wie Klaus nach diesem Buch greift.","ToM-scene2-instruct4

Sheet: translation-items-v1"
shelf,theory-of-mind,up on the shelf,sobre la repisa,up on the shelf,"shelf

Sheet: translation-items-v1"
coats,theory-of-mind,behind the coats,detrás de los abrigos,behind the coats,"coats

Sheet: translation-items-v1"
ToM-scene2-q2-emotion_reasoning,theory-of-mind,How do you think Paul feels about Ethan reaching for that book? ,¿Cómo crees que se siente Pablo... ?,"Schau, Paul sieht, wie Klaus nach dem Buch greift - dem Buch, von dem Paul glaubt, dass es ihm gehört! Was denkst du, wie Paul sich fühlt? ","ToM-scene2-q2-emotion_reasoning

Sheet: translation-items-v1"
ToM-scene2-q3-false_belief,theory-of-mind,Is Ethan being mean and naughty for taking Paul's book?,¿Elián está actuando mal al tomar el libro de Pablo?,"Ist Klaus gemein und frech, weil er Pauls Buch genommen hat?","ToM-scene2-q3-false_belief

Sheet: translation-items-v1"
ToM-scene2-q4-false_belief,theory-of-mind,Should Ethan get in trouble with the teacher for taking Paul's book?,¿Debería Elián meterse en problemas con el maestro por tomar el libro de Pablo?,"Sollte Klaus Ärger mit der Lehrerin bekommen, weil er Pauls Buch genommen hat?","ToM-scene2-q4-false_belief

Sheet: translation-items-v1"
ToM-scene2-q5-reality_check,theory-of-mind,Can you help Paul find his book? Is it on the shelf or behind the coats?,¿Puedes ayudar a Pablo a encontrar su libro? ¿Está sobre la repisa o detrás de los abrigos?,"Kannst du Paul helfen, sein Buch zu finden? Steht es im Regal oder hinter den Mänteln?","ToM-scene2-q5-reality_check

Sheet: translation-items-v1"
ToM-scene2-q6-reality_check,theory-of-mind,Can you help Ethan find his book? Is it on the shelf or behind the coats?,¿Puedes ayudar a Elián a encontrar su libro? ¿Está sobre la repisa o detrás de los abrigos?,"Kannst du Klaus helfen, sein Buch zu finden? Steht es im Regal oder hinter den Mänteln?","ToM-scene2-q6-reality_check

Sheet: translation-items-v1"
ToM-scene3-instruct1,theory-of-mind,"Joshua, Isabel, and Ivan are playing a game. Here's how the game goes: One kid hides, but draws a clue in the sandbox so the other kids can find them. ","Johan, Isabel e Iván están jugando. El juego es el siguiente: Uno de los niños se esconde, pero debe dibujar una pista en la arena que permita a los otros niños encontrarlo.","Johann, Isabelle und Jens spielen ein Spiel. Das Spiel geht so: Ein Kind versteckt sich: Ein Kind versteckt sich, malt aber einen Hinweis in den Sandkasten, damit die anderen Kinder es finden können. ","ToM-scene3-instruct1

Sheet: translation-items-v1"
ToM-scene3-instruct2,theory-of-mind,"So Ivan is going first. He draws this clue in the sandbox, and then he goes to hide. ","Entonces, Iván va primero. Dibuja esta pista en la arena y se esconde.",Jens geht also als Erster. Er malt diesen Hinweis in den Sandkasten und versteckt sich dann. ,"ToM-scene3-instruct2

Sheet: translation-items-v1"
ToM-scene3-instruct3,theory-of-mind,"Now it's Joshua's turn to leave a clue, and hide. Isabel and Ivan will then try to use the clue to find him.",Ahora le toca a Johan dejar una pista y esconderse. Isabel e Iván intentarán utilizar la pista para encontrarle.,"Jetzt ist Johann an der Reihe, einen Hinweis zu hinterlassen und sich zu verstecken. Isabelle und Jens werden dann versuchen, den Hinweis zu nutzen, um ihn zu finden.","ToM-scene3-instruct3

Sheet: translation-items-v1"
ToM-scene3-instruct4,theory-of-mind,"Joshua decides to hide behind the drinking fountain. So he draws a clue like this: here is the bottom metal part of the fountain, and here is lots of water coming out of it. Then Joshua goes to hide behind the fountain.","Johan decide esconderse detrás de la fuente. Así que, dibuja una pista como esta: esta es la parte metálica inferior de la fuente, y aquí sale mucha agua de la fuente. Entonces, Johan va a esconderse detrás de la fuente.","Johann beschließt, sich hinter dem Trinkbrunnen zu verstecken. Also zeichnet er einen Hinweis wie diesen: Hier ist der untere Metallteil des Brunnens, und hier kommt viel Wasser heraus. Dann versteckt sich Johann hinter dem Springbrunnen.","ToM-scene3-instruct4

Sheet: translation-items-v1"
ToM-scene3-q1,theory-of-mind,What did Joshua mean to draw? A fountain or a tree?,¿Qué quería dibujar Johan? ¿Una fuente o un árbol?,Was wollte Johann zeichnen? Einen Springbrunnen oder einen Baum?,"ToM-scene3-q1

Sheet: translation-items-v1"
ToM-scene3-q2-false_belief,theory-of-mind,"When Isabel and Ivan see this clue, where will they look first for Joshua? Behind the fountain or behind the tree?","Cuando Isabel e Iván vean esta pista, ¿dónde buscarán primero a Johan? ¿Detrás de la fuente o detrás del árbol?","Sobald Isabelle und Jens diesen Hinweis sehen, wo werden sie zuerst nach Johann suchen? Hinter dem Springbrunnen oder hinter dem Baum?","ToM-scene3-q2-false_belief

Sheet: translation-items-v1"
ToM-scene3-q2-reality_check,theory-of-mind,Can you help them find where Joshua really is? Behind the fountain or behind the tree?,¿Puedes ayudarles a encontrar dónde está realmente Johan? ¿Detrás de la fuente o detrás del árbol?,"Kannst du ihnen helfen, herauszufinden, wo Johann wirklich ist? Hinter dem Springbrunnen oder hinter dem Baum?","ToM-scene3-q2-reality_check

Sheet: translation-items-v1"
ToM-scene3-q3-emotion_reasoning,theory-of-mind,"Look, Isabel and Ivan found Joshua, and won the game! How do you think Isabel feels about winning the game?","¡Mira, Isabel e Iván encontraron a Joshua y ganaron el juego! ¿Cómo crees que se siente Isabel por ganar el juego?","Look, Isabel and Ivan found Joshua, and won the game! How do you think Isabel feels about winning the game?","ToM-scene3-q3-emotion_reasoning

Sheet: translation-items-v1"
ToM-scene4-instruct1,theory-of-mind,"Now the games are over, and it's almost time to go home. Mother tells the kids to find all of their toys. ",Ya se acabaron los juegos y es la hora de volver a casa. Mamá les dice a los niños que busquen todos sus juguetes.,"Jetzt sind die Spiele vorbei, und es ist fast Zeit, nach Hause zu gehen. Die Mutter sagt den Kindern, sie sollen alle ihre Spielsachen finden. ","ToM-scene4-instruct1

Sheet: translation-items-v1"
ToM-scene4-instruct2,theory-of-mind,"Joshua brought his toy truck with him to the park, but now he can't find it. He's looking everywhere but he can't find it. ","Johan trajo su camión de juguete al parque, pero ahora no lo encuentra. Lo busca por todas partes, pero no puede encontrarlo.","Johann hat seinen Spielzeuglaster mit in den Park genommen, aber jetzt kann er ihn nicht mehr finden. Er sucht überall, aber er kann ihn nicht finden. ","ToM-scene4-instruct2

Sheet: translation-items-v1"
ToM-scene4-q1-emotion_reasoning,theory-of-mind,How does Joshua feel about losing his truck?,¿Cómo se siente Joshua al perder su camioneta?,How does Joshua feel about losing his truck?,"ToM-scene4-q1-emotion_reasoning

Sheet: translation-items-v1"
ToM-scene4-instruct3,theory-of-mind,"And that’s because earlier in the day, when no one was looking, Isabel took the toy truck and buried it in the sandbox. ","Y la razón es que antes, cuando nadie miraba, Isabel cogió el camión de juguete y lo enterró en la arena.","Und das ist so, weil Isabelle am fühen Tag, als niemand hinsah, den Spielzeuglaster genommen und im Sandkasten vergraben hat. ","ToM-scene4-instruct3

Sheet: translation-items-v1"
ToM-scene4-instruct4,theory-of-mind,"So Joshua looks everywhere and he can't find his toy truck. Mother gets mad at Joshua, because he lost his truck.","Por eso, Johan mira por todas partes y no encuentra su camión de juguete. Su Mamá se enoja con él porque perdió el camión.","Deshalb sucht Johann überall, aber er kann seinen Spielzeuglaster nicht finden. Die Mutter ist böse auf Johann, weil er seinen Spielzeuglaster verloren hat.","ToM-scene4-instruct4

Sheet: translation-items-v1"
ToM-scene4-q2,theory-of-mind,Is it fair that Mother is mad at Joshua for losing his truck? Yes or no?,"¿Es justo que la mamá se enoje con Johan por haber perdido su camión?, ¿Sí o no?","Ist es fair, dass die Mutter böse auf Johann ist, weil er seinen Spielzeuglaster verloren hat? Ja oder nein?","ToM-scene4-q2

Sheet: translation-items-v1"
ToM-scene4-q3,theory-of-mind,Is Mother mad at Isabel? Yes or no?,¿La mamá de Johan está enojada con Isabel? ¿Sí o no?,Ist die Mutter böse auf Isabelle? Ja oder nein?,"ToM-scene4-q3

Sheet: translation-items-v1"
ToM-scene4-q4-false_belief,theory-of-mind,Is Joshua mad at Isabel? Yes or no?,¿Johan está enojado con Isabel? ¿Sí o no?,Ist Johann böse auf Isabelle? Ja oder nein?,"ToM-scene4-q4-false_belief

Sheet: translation-items-v1"
ToM-scene4-instruct5,theory-of-mind,"When Isabel sees that Mother is mad at Joshua, she goes to the sandbox and digs up the toy truck, and gives it back to Joshua.","Cuando Isabel se da cuenta de que la mamá está enojada con Johan, va al patio de arena, saca el juguete de la arena y se lo devuelve a Johan.","Als Isabelle sieht, dass die Mutter böse auf Johann ist, geht sie zum Sandkasten, gräbt den Spielzeuglaster aus und gibt ihn Johann zurück.","ToM-scene4-instruct5

Sheet: translation-items-v1"
ToM-scene4-q5,theory-of-mind,Is Mother mad at Joshua now? Yes or no?,¿Está ahora la mamá enojada con Johan? ¿Sí o no?,Ist die Mutter jetzt böse auf Johann? Ja oder nein?,"ToM-scene4-q5

Sheet: translation-items-v1"
ToM-scene4-q6,theory-of-mind,Is Mother mad at Isabel now? Yes or no?,¿Está la mamá enojada ahora con Isabel? ¿Sí o no?,Ist die Mutter jetzt böse auf Isabelle? Ja oder nein?,"ToM-scene4-q6

Sheet: translation-items-v1"
ToM-scene4-q7,theory-of-mind,Is Joshua mad at Isabel now? Yes or no?,¿Está Johan enojado con Isabel? ¿Sí o no?,Ist Johann jetzt böse auf Isabelle? Ja oder nein?,"ToM-scene4-q7

Sheet: translation-items-v1"
