,item_id,labels,en,es-CO,de,context
3,mental-rotation-training-instruct2,mental-rotation,Let's see if this shape goes with the shadow. This shape doesn’t go with the shadow.,Veamos si esta figura va con la sombra. Esta figura no va con la sombra.,"Mal sehen, ob diese Form zu dem Schatten passt. Diese Form passt nicht zum Schatten.","mental-rotation-training-instruct2
"
4,mental-rotation-training-instruct3,mental-rotation,Let's see if this shape goes with the shadow. This shape does go with the shadow.,Veamos si esta figura va con la sombra. Esta figura sí va con la sombra.,"Mal sehen, ob diese Form zu dem Schatten passt. Diese Form passt zu dem Schatten.","mental-rotation-training-instruct3
"
5,mental-rotation-test-instruct4,mental-rotation,Now you try! Can you find the shape that goes with the shadow?,"¡Ahora, inténtalo tú! ¿Puedes encontrar la figura que va con la sombra?","Jetzt versuch du es! Kannst du die Form finden, die zum Schatten passt?","mental-rotation-test-instruct4
"
9,general-intro1,general,Hello! Today we're going to solve some puzzles. Are you ready? Press the OK button!,"¡Hola! Hoy vamos a resolver algunos acertijos. Para comenzar, ¡toca la tecla OK!",Hallo! Heute werden wir einige Rätsel lösen. Bist du bereit? Klick auf die OK-Taste!,"general-intro1
"
11,replay-button,general,Press the replay button if you want the question repeated.,Presiona el botón de repetición si deseas que se repita la pregunta.,"Klick auf die Wiederholungstaste, wenn die Frage wiederholt werden soll.","replay-button
"
18,math-instructions1,math,We are going to play some counting games and some number games. Let's get started!,Vamos a practicar con juegos de contar y juegos de números. ¡Empecemos!,Wir werden einige Zählspiele und Zahlenspiele spielen. Bist du bereit?,"math-instructions1
"
24,addition-prompt1,addition,Add the numbers and choose the correct answer.,Suma los números y elige la respuesta correcta.,Addiere die Zahlen und wähle die richtige Antwort.,"addition-prompt1
"
26,subtraction-prompt1,subtraction,Subtract the numbers and choose the correct answer.,Resta los números y elige la respuesta correcta.,Ziehe die Zahlen ab und wähle die richtige Antwort.,"subtraction-prompt1
"
28,multiplication-prompt1,multiplication,Multiply the numbers and choose the correct answer.,Multiplica los números y elige la respuesta correcta.,Multipliziere die Zahlen und wähle die richtige Antwort.,"multiplication-prompt1
"
30,number-line-prompt1,number-line-4AFC,Choose the number that is marked on the number line.,Elige el número que está marcado en la línea recta de números.,"Wähle die Zahl, die auf der Zahlenreihe markiert ist.","number-line-prompt1
"
31,number-line-slider-prompt1,number-line-slider,Move the slider to the indicated number.,Mueve la regla hasta el número indicado.,Bewege den Schieberegler auf die angegebene Zahl.,"number-line-slider-prompt1
"
32,number-identification-1,number-identification,Choose the number 1.,Elige el número 1.,Wähle die Zahl 1.,"number-identification-1
"
33,number-identification-2,number-identification,Choose the 2.,Elige el 2.,Wähle die 2.,"number-identification-2
"
34,number-identification-3,number-identification,Choose the 9.,Elige el 9.,Wähle die 9.,"number-identification-3
"
35,number-identification-4,number-identification,Choose the 0.,Elige el 0.,Wähle die 0.,"number-identification-4
"
36,number-identification-5,number-identification,Choose the 12.,Elige el 12.,Wähle die 12.,"number-identification-5
"
37,number-identification-6,number-identification,Choose the 30.,Elige el 30.,Wähle die 30.,"number-identification-6
"
38,number-identification-7,number-identification,Choose the 22.,Elige el 22.,Wähle die 22.,"number-identification-7
"
39,number-identification-8,number-identification,Choose the 45.,Elige el 45.,Wähle die 45.,"number-identification-8
"
40,number-identification-9,number-identification,Choose the 39.,Elige el 39.,Wähle die 39.,"number-identification-9
"
41,number-identification-10,number-identification,Choose the 23.,Elige el 23.,Wähle die 23.,"number-identification-10
"
42,number-identification-11,number-identification,Choose the 48.,Elige el 48.,Wähle die 48.,"number-identification-11
"
43,number-identification-12,number-identification,Choose the 91.,Elige el 91.,Wähle die 91.,"number-identification-12
"
44,number-identification-13,number-identification,Choose the 33.,Elige el 33.,Wähle die 33.,"number-identification-13
"
45,number-identification-14,number-identification,Choose the 74.,Elige el 74.,Wähle die 74.,"number-identification-14
"
46,number-identification-15,number-identification,Choose the 87.,Elige el 87.,Wähle die 87.,"number-identification-15
"
47,number-identification-16,number-identification,Choose the 65.,Elige el 65.,Wähle die 65.,"number-identification-16
"
48,number-identification-17,number-identification,Choose the 108.,Elige el 108.,Wähle die 108.,"number-identification-17
"
49,number-identification-18,number-identification,Choose the 245.,Elige el 245.,Wähle die 245.,"number-identification-18
"
144,trog-item-81,trog,the horse drank water by the barn and the sheep ate grass by the fence,"el caballo bebe agua junto al granero, y la oveja come pasto junto a la cerca",das Pferd trank Wasser bei der Scheune und die Schafe fraßen Gras am Zaun,"trog-item-81
"
145,trog-item-82,trog,the student opened the notebook and drew a tree,el estudiante abre el cuaderno y dibuja un árbol,der Schüler öffnete das Heft und zeichnete einen Baum,"trog-item-82
"
146,trog-item-83,trog,we will have a picnic in the park if it is sunny,"Si hace sol, haremos un picnic en el parque","Wenn es sonnig ist, werden wir im Park ein Picknick machen.","trog-item-83
"
151,trog-item-88,trog,We will dance together if there is music playing.,"Si hay música sonando, bailaremos todos juntos.","Wir tanzen zusammen, wenn Musik läuft.","trog-item-88
"
153,trog-item-90,trog,"He likes swimming, however, he chose to play soccer with his friends.","Él prefiere ir a nadar. Sin embargo, elijió jugar fútbol con sus amigos.","Er schwimmt gerne, aber er hat sich entschieden, mit seinen Freunden Fußball zu spielen.","trog-item-90
"
156,trog-item-93,trog,The duck following the turtle is walking across the bridge.,El pato que seguía a la tortuga está caminando por el puente.,"Die Ente, die der Schildkröte folgt, geht über die Brücke.","trog-item-93
"
157,trog-item-94,trog,Bumping the table with my foot caused a book to fall.,"Al tropezar la mesa con mi pie, tumbé un libro.",Beim Anstoßen des Tisches mit meinem Fuß ist ein Buch heruntergefallen.,"trog-item-94
"
159,trog-item-96,trog,The girl wearing a backpack was given a pen by her friend.,A la chica que llevaba mochila su amiga le regaló un bolígrafo.,The girl wearing a backpack was given a pen by her friend.,"trog-item-96
"
160,trog-item-97,trog,"The kids cleaned the room, but forgot to put away the train.","Los niños limpiaron la habitación, pero se olvidaron de guardar el tren.","The kids cleaned the room, but forgot to put away the train.","trog-item-97
"
161,trog-item-98,trog,The monkey neither ate the spotted banana nor swung on the vine.,El mono no se comió el plátano manchado ni se columpió en la liana.,The monkey neither ate the spotted banana nor swung on the vine.,"trog-item-98
"
163,trog-item-100,trog,The plane that is gray is above the clouds.,El avión que es gris está por encima de las nubes.,The plane that is gray is above the clouds.,"trog-item-100
"
164,trog-item-101,trog,The fish swim beneath a whale and a sea turtle.,Los peces nadan bajo una ballena y una tortuga marina.,The fish swim beneath a whale and a sea turtle.,"trog-item-101
"
165,trog-item-102,trog,The car that the truck followed is driving toward the tunnel.,El coche que siguió el camión va hacia el túnel.,The car that the truck followed is driving toward the tunnel.,"trog-item-102
"
166,trog-item-103,trog,Instead of doing homework she did a puzzle in her room.,"En vez de hacer los deberes, hizo un puzzle en su habitación.",Instead of doing homework she did a puzzle in her room.,"trog-item-103
"
167,ToM-scene1-instruct1,theory-of-mind,"Here is Madison. This morning, Madison put her book behind the chair, because she didn’t want anyone to find it. ","Ella es Marisol. Esta mañana, Marisol puso su libro detrás de la silla, porque no quería que nadie lo encontrara.","Das ist Petra. Heute Morgen hat Petra ihr Buch hinter den Stuhl gelegt, weil sie nicht wollte, dass es jemand findet. ","ToM-scene1-instruct1
"
168,ToM-scene1-instruct2,theory-of-mind,"But when Madison was outside playing, someone did find it! And hid it under the rug. ","Pero, cuando Marisol estaba afuera jugando, ¡alguien lo encontró! Y lo escondió debajo de la alfombra.","Aber als Petra draußen gespielt hat, hat es jemand gefunden! Und hat es unter dem Teppich versteckt. ","ToM-scene1-instruct2
"
170,ToM-scene1-q1-false_belief,theory-of-mind,Where will Madison look first for her book? Behind the chair or under the rug?,"¿Dónde buscará Marisol su libro primero?, ¿detrás de la silla o debajo de la alfombra?",Wo wird Petra zuerst nach ihrem Buch suchen? Hinter dem Stuhl oder unter dem Teppich?,"ToM-scene1-q1-false_belief
Feel free to offer child names that would make sense to German children if the English ones wouldn't.... "
176,ToM-scene2-q1-false_belief,theory-of-mind,"Now, when Ethan comes in from outside, where will he look first for his book: up on the shelf, or behind the coats?","Entonces, cuando Elián entre, ¿dónde buscará primero su libro: sobre la repisa o detrás de los abrigos?","Wenn Klaus nun von draußen hereinkommt, wo wird er zuerst nach seinem Buch suchen: oben im Regal oder hinter den Mänteln?","ToM-scene2-q1-false_belief
"
177,ToM-scene2-instruct4,theory-of-mind,"Let’s see what he does. Oh look, here is Ethan reaching for this book up on the shelf. And now Paul sees Ethan reaching for that book--the book that Paul thinks is his!","Veamos lo que hace. Mira, aquí está Elián cogiendo ese libro de la repisa. Y Pablo ve a Elián tomando el libro--¡el libro que Pablo cree que es suyo!","Lass uns schauen, was er macht. Oh, sieh mal, hier ist Klaus, der nach diesem Buch oben im Regal greift. Und jetzt sieht Paul, wie Klaus nach diesem Buch greift.","ToM-scene2-instruct4
"
178,shelf,theory-of-mind,up on the shelf,sobre la repisa,up on the shelf,"shelf
"
179,coats,theory-of-mind,behind the coats,detrás de los abrigos,behind the coats,"coats
"
180,ToM-scene2-q2-emotion_reasoning,theory-of-mind,How do you think Paul feels about Ethan reaching for that book? ,¿Cómo crees que se siente Pablo... ?,"Schau, Paul sieht, wie Klaus nach dem Buch greift - dem Buch, von dem Paul glaubt, dass es ihm gehört! Was denkst du, wie Paul sich fühlt? ","ToM-scene2-q2-emotion_reasoning
"
181,ToM-scene2-q3-false_belief,theory-of-mind,Is Ethan being mean and naughty for taking Paul's book?,¿Elián está actuando mal al tomar el libro de Pablo?,"Ist Klaus gemein und frech, weil er Pauls Buch genommen hat?","ToM-scene2-q3-false_belief
"
182,ToM-scene2-q4-false_belief,theory-of-mind,Should Ethan get in trouble with the teacher for taking Paul's book?,¿Debería Elián meterse en problemas con el maestro por tomar el libro de Pablo?,"Sollte Klaus Ärger mit der Lehrerin bekommen, weil er Pauls Buch genommen hat?","ToM-scene2-q4-false_belief
"
183,ToM-scene2-q5-reality_check,theory-of-mind,Can you help Paul find his book? Is it on the shelf or behind the coats?,¿Puedes ayudar a Pablo a encontrar su libro? ¿Está sobre la repisa o detrás de los abrigos?,"Kannst du Paul helfen, sein Buch zu finden? Steht es im Regal oder hinter den Mänteln?","ToM-scene2-q5-reality_check
"
184,ToM-scene2-q6-reality_check,theory-of-mind,Can you help Ethan find his book? Is it on the shelf or behind the coats?,¿Puedes ayudar a Elián a encontrar su libro? ¿Está sobre la repisa o detrás de los abrigos?,"Kannst du Klaus helfen, sein Buch zu finden? Steht es im Regal oder hinter den Mänteln?","ToM-scene2-q6-reality_check
"
187,ToM-scene3-instruct3,theory-of-mind,"Now it's Joshua's turn to leave a clue, and hide. Isabel and Ivan will then try to use the clue to find him.",Ahora le toca a Johan dejar una pista y esconderse. Isabel e Iván intentarán utilizar la pista para encontrarle.,"Jetzt ist Johann an der Reihe, einen Hinweis zu hinterlassen und sich zu verstecken. Isabelle und Jens werden dann versuchen, den Hinweis zu nutzen, um ihn zu finden.","ToM-scene3-instruct3
"
188,ToM-scene3-instruct4,theory-of-mind,"Joshua decides to hide behind the drinking fountain. So he draws a clue like this: here is the bottom metal part of the fountain, and here is lots of water coming out of it. Then Joshua goes to hide behind the fountain.","Johan decide esconderse detrás de la fuente. Así que, dibuja una pista como esta: esta es la parte metálica inferior de la fuente, y aquí sale mucha agua de la fuente. Entonces, Johan va a esconderse detrás de la fuente.","Johann beschließt, sich hinter dem Trinkbrunnen zu verstecken. Also zeichnet er einen Hinweis wie diesen: Hier ist der untere Metallteil des Brunnens, und hier kommt viel Wasser heraus. Dann versteckt sich Johann hinter dem Springbrunnen.","ToM-scene3-instruct4
"
189,ToM-scene3-q1,theory-of-mind,What did Joshua mean to draw? A fountain or a tree?,¿Qué quería dibujar Johan? ¿Una fuente o un árbol?,Was wollte Johann zeichnen? Einen Springbrunnen oder einen Baum?,"ToM-scene3-q1
"
190,ToM-scene3-q2-false_belief,theory-of-mind,"When Isabel and Ivan see this clue, where will they look first for Joshua? Behind the fountain or behind the tree?","Cuando Isabel e Iván vean esta pista, ¿dónde buscarán primero a Johan? ¿Detrás de la fuente o detrás del árbol?","Sobald Isabelle und Jens diesen Hinweis sehen, wo werden sie zuerst nach Johann suchen? Hinter dem Springbrunnen oder hinter dem Baum?","ToM-scene3-q2-false_belief
"
191,ToM-scene3-q2-reality_check,theory-of-mind,Can you help them find where Joshua really is? Behind the fountain or behind the tree?,¿Puedes ayudarles a encontrar dónde está realmente Johan? ¿Detrás de la fuente o detrás del árbol?,"Kannst du ihnen helfen, herauszufinden, wo Johann wirklich ist? Hinter dem Springbrunnen oder hinter dem Baum?","ToM-scene3-q2-reality_check
"
193,ToM-scene4-instruct1,theory-of-mind,"Now the games are over, and it's almost time to go home. Mother tells the kids to find all of their toys. ",Ya se acabaron los juegos y es la hora de volver a casa. Mamá les dice a los niños que busquen todos sus juguetes.,"Jetzt sind die Spiele vorbei, und es ist fast Zeit, nach Hause zu gehen. Die Mutter sagt den Kindern, sie sollen alle ihre Spielsachen finden. ","ToM-scene4-instruct1
"
496,general-encourage,general,Keep Going!,¡Sigue adelante!,Keep Going!,"general-encourage
"
565,number-identification-19,math,Choose the 587.,Escoge el 587.,Wähle die  Fünfhundertsiebenundachzig.,"number-identification-19
Es-co complete, de still needs review.
Sheet: translation-items-v2"
566,number-identification-20,math,Choose the 731.,Escoge el 731.,Wähle die  Siebenhunderteinunddreißig.,"number-identification-20
Es-co complete, de still needs review.
Sheet: translation-items-v2"
567,number-identification-21,math,Choose the 989.,Escoge el 989. ,Wähle die  Neunhundertneunundachzig.,"number-identification-21
Es-co complete, de still needs review.
Sheet: translation-items-v2"
568,trog-instruct1,trog,"Now we're going to play a matching game! I'm going to say some words, and you choose the picture that goes with what I say. Let's get started!","Ahora, ¡vamos a hacer un juego de asociación! Yo diré palabras y tú eliges la imagen que va con las palabras que yo diga. ¡Empecemos!","Jetzt werden wir ein Zuordnungsspiel spielen! Ich werde ein paar Wörter sagen, und du wählst das Bild aus, das zu dem passt, was ich sage. Los geht's!","trog-instruct1
Es-co complete, de still needs review.
Sheet: translation-items-v2"
569,trog-prompt1,trog,Choose the picture of the...,Escoge la imagen del...,Berühre das Bild mit dem/der/den...,"trog-prompt1
Es-co complete, de still needs review.
Sheet: translation-items-v2"
570,trog-prompt2,trog,Choose the picture of...,Escoge la imagen de...,Berühre das Bild mit...,"trog-prompt2
Es-co complete, de still needs review.
Sheet: translation-items-v2"
571,trog-prompt3,trog,Choose the picture that shows...,Escoge la imagen que muestra...,Berühre das Bild was folgendes zeigt:,"trog-prompt3
Es-co complete, de still needs review.
Sheet: translation-items-v2"
572,trog-item-1,trog,Choose the picture of the shoe.,Escoge la imagen del zapato.,Wähle das Bild mit dem Schuh.,"trog-item-1
Es-co complete, de still needs review.
Sheet: translation-items-v2"
573,trog-item-2,trog,Choose the picture of the bird.,Escoge la imagen del pájaro.,Wähle das Bild mit dem Vogel.,"trog-item-2
Es-co complete, de still needs review.
Sheet: translation-items-v2"
574,trog-item-3,trog,Choose the picture of the comb.,Escoge la imagen del peine.,Wähle das Bild mit dem Kamm.,"trog-item-3
Es-co complete, de still needs review.
Sheet: translation-items-v2"
575,trog-item-4,trog,Choose the picture of the apple.,Escoge la imagen de la manzana.,Wähle das Bild mit dem Apfel.,"trog-item-4
Es-co complete, de still needs review.
Sheet: translation-items-v2"
576,trog-item-5,trog,Choose the picture that shows eating.,Escoge la imagen que muestra comiendo.,"Wähle das Bild aus, das jemanden beim essen zeigt.","trog-item-5
Es-co complete, de still needs review.
Sheet: translation-items-v2"
577,trog-item-6,trog,Choose the picture that shows picking.,Escoge la imagen que muestra recogiendo.,"Wähle das Bild aus, das zeigt, wie jemand etwas pflückt.","trog-item-6
Es-co complete, de still needs review.
Sheet: translation-items-v2"
578,trog-item-7,trog,Choose the picture that shows sitting.,Escoge la imagen que muestra sentado.,"Wähle das Bild aus, das zeigt, wie jemand sitzt.","trog-item-7
Es-co complete, de still needs review.
Sheet: translation-items-v2"
579,trog-item-8,trog,Choose the picture that shows running.,Escoge la imagen que muestra corriendo.,"Wähle das Bild aus, das zeigt, wie jemand rennt.","trog-item-8
Es-co complete, de still needs review.
Sheet: translation-items-v2"
580,trog-item-9,trog,Choose the picture that shows long.,Escoge la imagen que muestra largo.,"Wähle das Bild aus, das etwas Langes zeigt.","trog-item-9
Es-co complete, de still needs review.
Sheet: translation-items-v2"
581,trog-item-10,trog,Choose the picture that shows tall.,Escoge la imagen que muestra alto.,"Wähle das Bild aus, das etwas Großes zeigt.","trog-item-10
Es-co complete, de still needs review.
Sheet: translation-items-v2"
582,trog-item-11,trog,Choose the picture that shows red.,Escoge la imagen que muestra el rojo.,"Wähle das Bild aus, das etwas Rotes zeigt.","trog-item-11
Es-co complete, de still needs review.
Sheet: translation-items-v2"
583,trog-item-12,trog,Choose the picture that shows black.,Escoge la imagen que muestra el negro.,"Wähle das Bild aus, das etwas Schwarzes zeigt.","trog-item-12
Es-co complete, de still needs review.
Sheet: translation-items-v2"
634,trog-item-63,trog,the star is above the circle,la estrella está arriba del círculo,der Stern ist über dem Kreis,"trog-item-63
Es-co complete, de still needs review.
Sheet: translation-items-v2"
648,trog-item-77,trog,the book the pencil is on is red,el libro que el lapiz esta encima de es rojo,"das Buch, auf dem der Bleistift liegt, ist rot","trog-item-77
Es-co complete, de still needs review.
Sheet: translation-items-v2"
693,ToM-scene1-q2-reality_check,theory-of-mind,And where is her book really?,¿Y dónde está realmente su libro?,Und wo ist ihr Buch wirklich?,"ToM-scene1-q2-reality_check
Final es-co & de translation review complete
Sheet: translation-items-v2"
695,ToM-scene2-instruct2,theory-of-mind,"And then he went outside to play, see? Here’s Ethan playing outside. And while he was outside playing, Ethan’s book fell down from above the coat hooks onto the floor under the coats, see? ","Y luego salió a jugar, ¿ves? Aquí está Elián jugando afuera. Mientras Elián estaba afuera jugando, su libro se cayó de la repisa y quedó en el piso, debajo de los abrigos, ¿ves?","Und dann ist er nach draußen gegangen, um zu spielen, siehst du? Hier ist Justus beim Spielen draußen. Und während er draußen spielte, fiel das Buch von Justus von der Garderobe auf den Boden unter die Mäntel, siehst du? ","ToM-scene2-instruct2
Final es-co & de translation review complete
Sheet: translation-items-v2"
696,ToM-scene2-instruct3,theory-of-mind,"Then Hannah comes in and Hannah puts her book up above the coat hooks. Hannah's book is also blue! Ethan is still outside playing, so he didn't see what Hannah was doing.","Luego entró Ana y puso su libro sobre la repisa encima de los colgaderos. ¡El libro de Ana también es azul! Como Elián todavía está afuera jugando, no vio lo que hizo Ana.","Dann kommt Hannah herein und legt ihr Buch auf die Garderobe über den Mänteln. Hannahs Buch ist auch blau! Justus ist noch draußen und spielt, deshalb hat er nicht gesehen, was Hannah gemacht hat.","ToM-scene2-instruct3
Final es-co & de translation review complete
Sheet: translation-items-v2"
721,ToM-scene4-q1-emotion_reasoning,theory-of-mind,How does Joshua feel about losing his truck?,¿Cómo se siente Johan por perder su camión?,Was denkt Johann über den Verlust seines Lastwagens?,"ToM-scene4-q1-emotion_reasoning
Final es-co & de translation review complete
Sheet: translation-items-v2"
723,ToM-scene4-instruct3,theory-of-mind,"Joshua can't find his truck because earlier in the day, when no one was looking, Isabel took the toy truck and buried it in the sandbox. ","Johan no encuentra su camión porque antes, cuando nadie miraba, Isabel cogió el camión de juguete y lo enterró en la arena.","Johann kann seinen Lastwagen nicht finden, weil Lisa vorhin, als niemand hinsah, den Spielzeuglastwagen genommen und im Sandkasten vergraben hat. ","ToM-scene4-instruct3
Final es-co & de translation review complete
Sheet: translation-items-v2"
724,ToM-scene4-instruct4,theory-of-mind,"So Joshua looks everywhere and he can't find his toy truck. Mother gets mad at Joshua, because he lost his truck.","Por eso, Johan mira por todas partes y no encuentra su camión de juguete. Mamá se enoja con Johan porque perdió el camión.","Johann sucht also überall, aber er kann seinen Spielzeug-LKW nicht finden. Seine Mutter wird wütend auf Johann, weil er seinen Laster verloren hat.","ToM-scene4-instruct4
Final es-co & de translation review complete
Sheet: translation-items-v2"
725,ToM-scene4-q2,theory-of-mind,Is it fair that Mother is mad at Joshua for losing his truck?,¿Es justo que Mamá se enoje con Johan por haber perdido su camión?,"Ist es fair, dass Mutter böse auf Johann ist, weil er seinen Spielzeuglaster verloren hat? ","ToM-scene4-q2
Final es-co & de translation review complete
Sheet: translation-items-v2"
726,ToM-scene4-q3,theory-of-mind,Is Mother mad at Isabel? ,¿Mamá está enojada con Isabel? ,Ist Mutter böse auf Lisa? ,"ToM-scene4-q3
Final es-co & de translation review complete
Sheet: translation-items-v2"
727,ToM-scene4-q4-false_belief,theory-of-mind,Is Joshua mad at Isabel? ,¿Johan está enojado con Isabel? ,Ist Johann böse auf Lisa? ,"ToM-scene4-q4-false_belief
Final es-co & de translation review complete
Sheet: translation-items-v2"
728,ToM-scene4-instruct5,theory-of-mind,"When Isabel sees that Mother is mad at Joshua, she goes to the sandbox and digs up the toy truck, and gives it back to Joshua.","Cuando Isabel se da cuenta de que Mamá está enojada con Johan, va al patio de arena, saca el juguete de la arena y se lo devuelve a Johan.","Als Lisa sieht, dass Mutter böse auf Johann ist, geht sie zum Sandkasten, gräbt den Spielzeuglaster aus und gibt ihn Johann zurück.","ToM-scene4-instruct5
Final es-co & de translation review complete
Sheet: translation-items-v2"
729,ToM-scene4-q5,theory-of-mind,Is Mother mad at Joshua now?,¿Ahora Mamá está enojada con Johan?,Ist Mutter jetzt böse auf Johann?,"ToM-scene4-q5
Final es-co & de translation review complete
Sheet: translation-items-v2"
730,ToM-scene4-q6,theory-of-mind,Is Mother mad at Isabel now?,¿Ahora Mamá está enojada con Isabel?,Ist Mutter jetzt böse auf Lisa?,"ToM-scene4-q6
Final es-co & de translation review complete
Sheet: translation-items-v2"
731,ToM-scene4-q7,theory-of-mind,Is Joshua mad at Isabel now?,¿Ahora Johan está enojado con Isabel?,Ist Johann jetzt böse auf Lisa?,"ToM-scene4-q7
Final es-co & de translation review complete
Sheet: translation-items-v2"
732,ToM-scene4-instruct6,theory-of-mind,"Isabel tells Joshua that she’s very sorry, and she gives him a big hug. Joshua gives her a big hug back, and Mother joins in.","Isabel le pide disculpas a Johan y le da un fuerte abrazo. Johan le devuelve el abrazo, y Mamá se une a ellos.","Lisa sagt Johann, dass es ihr sehr leid tut, und sie gibt ihm eine große Umarmung. Johann erwidert die Umarmung, und auch Mutter schließt sich ihr an.","ToM-scene4-instruct6
Final es-co & de translation review complete
Sheet: translation-items-v2"
733,ToM-scene5-instruct1,theory-of-mind,"This is Katie. Earlier today, Katie's mom was cleaning the house, while Katie watched. Mom left three cups in the kitchen. There is a small cup on the counter, a medium sized cup on the table, and a big cup that she put away up high, on the shelf. ","Ella es Carla. Hace un rato, la mamá de María limpiaba la casa mientras María observaba. La mamá dejó tres tazas en la cocina: hay una taza pequeña en la barra, una taza mediana en la mesa y una taza grande en un estante que está muy alto. ","Das ist Katie. Heute früh hat die Mama von Katie das Haus geputzt, während Katie zugesehen hat. Mama hat drei Tassen in der Küche stehen lassen. Da ist eine kleine Tasse auf dem Tresen, eine mittelgroße Tasse auf dem Tisch und eine große Tasse, die sie ganz oben auf das Regal gestellt hat. ","ToM-scene5-instruct1
Final es-co & de translation review complete
Sheet: translation-items-v2"
734,ToM-scene5-instruct2,theory-of-mind,"Katie and Dad just walked in and Katie asks her dad to get her a cup. Katie tells her Dad, “I want the big cup!”","Carla y Papá acaban de entrar y Carla le pide a su papá que le de una taza. Carla le dice a su papá ""¡quiero la taza grande!"".","Katie und Vater kommen in die Küche und Katie bittet ihren Vater, ihr eine Tasse zu geben. Katie sagt zu ihrem Vater: ""Ich möchte die große Tasse!""","ToM-scene5-instruct2
Final es-co & de translation review complete
Sheet: translation-items-v2"
735,ToM-scene5-q1,theory-of-mind,Which cup will Dad give Katie?,¿Cuál taza le dará el Papá a Carla?,Welche Tasse wird Papa Katie geben?,"ToM-scene5-q1
Final es-co & de translation review complete
Sheet: translation-items-v2"
736,ToM-scene5-q2-reality_check,theory-of-mind,Which cup does Katie want?,¿Cuál taza quiere Carla?,Welche Tasse möchte Katie haben?,"ToM-scene5-q2-reality_check
Final es-co & de translation review complete
Sheet: translation-items-v2"
743,ToM-scene6-instruct2,theory-of-mind,"Mom comes home and she tells Sam that she just walked by the shop. “Are they selling shirts?” Sam asks. “No,” Mom says, “They are only selling shoes”. “Maria will probably now get shoes at the shop,” Sam says.","        
Mamá llega a casa y le dice a Sam que acaba de pasar por la tienda. ""¿Venden camisetas?"" pregunta Sam. ""No"", dice Mamá, ""solo venden zapatos"". ""Probablemente ahora María va a comprar zapatos en la tienda"", dice Sam.","Mama kommt nach Hause und erzählt Sam, dass sie gerade an dem Laden vorbeigelaufen ist. ""Verkaufen sie T-shirts?"" fragt Sam. ""Nein"", sagt Mama, ""sie verkaufen nur Schuhe"". ""Maria wird jetzt wahrscheinlich Schuhe im Laden kaufen"", sagt Sam.","ToM-scene6-instruct2
Final es-co & de translation review complete
Sheet: translation-items-v2"
751,ToM-scene6-instruct4,theory-of-mind,"On her way back, Maria meets her dad. She tells her dad: “I have just bought some socks. I am going to share them with my brother Sam. It is a surprise.”
“That is nice of you,” says Dad. Then he asks Maria: “Does Sam know what you bought him?”","Caminando de regreso, María se encuentra con su padre. Ella le dice ""acabo de comprar unas medias. Voy a compartirlas con mi hermano Sam. Es una sorpresa"".
""Es muy amable de tu parte"", dice Papá. Luego le pregunta a María: ""¿Sam sabe qué le has comprado?"".","Auf dem Rückweg trifft Maria ihren Vater. Sie erzählt ihrem Vater: ""Ich habe gerade ein paar Socken gekauft. Ich werde sie mit meinem Bruder Sam teilen. Es ist eine Überraschung.""
""Das ist nett von dir"", sagt Papa. Dann fragt er Maria: ""Weiß Sam, was du ihm gekauft hast?""","ToM-scene6-instruct4
Final es-co & de translation review complete
Sheet: translation-items-v2"
752,ToM-scene6-q4,theory-of-mind,What does Maria tell Dad?,¿Qué le dice María a Papá?,Was sagt Maria zu Papa?,"ToM-scene6-q4
Final es-co & de translation review complete
Sheet: translation-items-v2"
753,ToM-scene6-instruct5,theory-of-mind,Then Dad asks: “What does Sam think they are selling at the shop?”,"Entonces Papá pregunta: ""¿Qué cree Sam que venden en la tienda?"".","Dann fragt Papa: ""Was glaubt Sam, was sie in dem Laden verkaufen?""","ToM-scene6-instruct5
Final es-co & de translation review complete
Sheet: translation-items-v2"
754,ToM-scene6-q5,theory-of-mind,What does Maria tell Dad?,¿Qué le dice María a Papá?,Was sagt Maria zu Papa?,"ToM-scene6-q5
Final es-co & de translation review complete
Sheet: translation-items-v2"
758,hostile-attribution-scene1-instruct2,hostile-attribution,"Suddenly, you are bumped from behind by a boy. You stumble and fall into a mud puddle and your new shoes get muddy.","De repente, un chico te choca por detrás. Tropiezas y caes en un charco de barro y tus zapatos nuevos se ensucian de barro",Plötzlich wirst du von einem Jungen von hinten angerempelt. Du stolperst und fällst in eine Schlammpfütze und deine neuen Schuhe sind schlammig.,"hostile-attribution-scene1-instruct2
Final es-co & de translation review complete
Sheet: translation-items-v2"
760,hostile-attribution-scene1-q2,hostile-attribution,Now pick one of the three choices as the one you would do:,Ahora escoge cuál de estas tres opciones harías tú:,Was würdest du tun? Wähle eine der drei Möglichkeiten aus.,"hostile-attribution-scene1-q2
Final es-co & de translation review complete
Sheet: translation-items-v2"
767,hostile-attribution-scene2-q2,hostile-attribution,Now pick one of the three choices as the one you would do:,Ahora escoge cuál de estas tres opciones harías tú:,Was würdest du tun? Wähle eine der drei Möglichkeiten aus.,"hostile-attribution-scene2-q2
Final es-co & de translation review complete
Sheet: translation-items-v2"
775,hostile-attribution-scene3-q2,hostile-attribution,Now pick one of the three choices as the one you would do:,Ahora escoge cuál de estas tres opciones harías tú:,Was würdest du tun? Wähle eine der drei Möglichkeiten aus.,"hostile-attribution-scene3-q2
Final es-co & de translation review complete
Sheet: translation-items-v2"
786,same-different-selection-touch-circle,same-different-selection,Choose the card with a circle.,Escoge la carta que tiene un círculo.,Wähle die Karte mit einem Kreis.,"same-different-selection-touch-circle
Final es-co & de translation review complete
Sheet: translation-items-v2"
787,same-different-selection-touch-square,same-different-selection,Choose the card with a square.,Escoge la carta que tiene un cuadrado.,Wähle die Karte mit einem Quadrat. ,"same-different-selection-touch-square
Final es-co & de translation review complete
Sheet: translation-items-v2"
788,same-different-selection-touch-triangle,same-different-selection,Choose the card with a triangle.,Escoge la carta que tiene un triángulo.,Wähle die Karte mit einem Dreieck.,"same-different-selection-touch-triangle
Final es-co & de translation review complete
Sheet: translation-items-v2"
790,same-different-selection-touch-green,same-different-selection,Choose the card with a green shape.,Escoge la carta que tiene una figura verde.,Wähle die Karte mit einer grünen Form.,"same-different-selection-touch-green
Final es-co & de translation review complete
Sheet: translation-items-v2"
791,same-different-selection-touch-red,same-different-selection,Choose the card with a red shape.,Escoge la carta que tiene una figura roja.,Wähle die Karte mit einer roten Form.,"same-different-selection-touch-red
Final es-co & de translation review complete
Sheet: translation-items-v2"
792,same-different-selection-touch-blue,same-different-selection,Choose the card with a blue shape.,Escoge la carta que tiene una figura azul.,Wähle die Karte mit einer blauen Form.,"same-different-selection-touch-blue
Final es-co & de translation review complete
Sheet: translation-items-v2"
794,same-different-selection-touch-small,same-different-selection,Choose the card with a small shape.,Escoge la carta que tiene una figura pequeña.,Wähle die Karte mit einer kleinen Form.,"same-different-selection-touch-small
Final es-co & de translation review complete
Sheet: translation-items-v2"
795,same-different-selection-touch-medium,same-different-selection,Choose the card with a medium-sized shape.,Escoge la carta que tiene una figura mediana.,Wähle die Karte mit einer mittelgroßen Form.,"same-different-selection-touch-medium
Final es-co & de translation review complete
Sheet: translation-items-v2"
796,same-different-selection-touch-large,same-different-selection,Choose the card with a large shape.,Escoge la carta que tiene una figura grande.,Wähle die Karte mit einer großen Form.,"same-different-selection-touch-large
Final es-co & de translation review complete
Sheet: translation-items-v2"
807,same-different-selection-both-circles,same-different-selection,Here are two cards. Something's the same. They both have circles.,Aquí hay dos cartas. Son iguales en algo. Ambas tienen círculos.,Hier sind zwei Karten. Sie haben etwas gemeinsam. Beide zeigen Kreise.,"same-different-selection-both-circles
Final es-co & de translation review complete
Sheet: translation-items-v2"
808,same-different-selection-both-squares,same-different-selection,Here are two cards. Something's the same. They both have squares.,Aquí hay dos cartas. Son iguales en algo. Ambas tienen cuadrados.,Hier sind zwei Karten. Sie haben etwas gemeinsam. Beide zeigen Quadrate.,"same-different-selection-both-squares
Final es-co & de translation review complete
Sheet: translation-items-v2"
809,same-different-selection-both-triangles,same-different-selection,Here are two cards. Something's the same. They both have triangles.,Aquí hay dos cartas. Son iguales en algo. Ambas tienen triángulos.,Hier sind zwei Karten. Sie haben etwas gemeinsam. Beide zeigen Dreiecke.,"same-different-selection-both-triangles
Final es-co & de translation review complete
Sheet: translation-items-v2"
810,same-different-selection-both-red,same-different-selection,Here are two cards. Something's the same. They both have red shapes.,Aquí hay dos cartas. Son iguales en algo. Ambas tienen figuras rojas.,Hier sind zwei Karten. Sie haben etwas gemeinsam. Beide zeigen Formen.,"same-different-selection-both-red
Final es-co & de translation review complete
Sheet: translation-items-v2"
811,same-different-selection-both-green,same-different-selection,Here are two cards. Something's the same. They both have green shapes.,Aquí hay dos cartas. Son iguales en algo. Ambas tienen figuras verdes.,Hier sind zwei Karten. Sie haben etwas gemeinsam. Beide zeigen grüne Formen.,"same-different-selection-both-green
Final es-co & de translation review complete
Sheet: translation-items-v2"
813,same-different-selection-both-blue,same-different-selection,Here are two cards. Something's the same. They both have blue shapes.,Aquí hay dos cartas. Son iguales en algo. Ambas tienen figuras azules.,Hier sind zwei Karten. Sie haben etwas gemeinsam. Beide zeigen blaue Formen.,"same-different-selection-both-blue
Final es-co & de translation review complete
Sheet: translation-items-v2"
814,same-different-selection-both-small,same-different-selection,Here are two cards. Something's the same. They both have small shapes.,Aquí hay dos cartas. Son iguales en algo. Ambas tienen figuras pequeñas.,Hier sind zwei Karten. Sie haben etwas gemeinsam. Beide zeigen kleine Formen.,"same-different-selection-both-small
Final es-co & de translation review complete
Sheet: translation-items-v2"
815,same-different-selection-both-medium,same-different-selection,Here are two cards. Something's the same. They both have medium-sized shapes.,Aquí hay dos cartas. Son iguales en algo. Ambas tienen figuras medianas.,Hier sind zwei Karten. Sie haben etwas gemeinsam. Beide zeigen mittelgroße Formen.,"same-different-selection-both-medium
Final es-co & de translation review complete
Sheet: translation-items-v2"
816,same-different-selection-both-large,same-different-selection,Here are two cards. Something's the same. They both have large shapes.,Aquí hay dos cartas. Son iguales en algo. Ambas tienen figuras grandes.,Hier sind zwei Karten. Sie haben etwas gemeinsam. Beide zeigen große Formen.,"same-different-selection-both-large
Final es-co & de translation review complete
Sheet: translation-items-v2"
818,sds-3match-prompt2,same-different-selection,Here is the same set of cards again. Choose two cards that are the same in a different way.,Aquí están otra vez las mismas cartas. Ahora debe escoger dos cartas que sean pareja porque son iguales en algo diferente.,"Hier siehst du die gleichen Karten nochmal. Wähle zwei Bilder aus, die auf unterschiedliche Art und Weise gleich sind.","sds-3match-prompt2
Final es-co & de translation review complete
Sheet: translation-items-v2"
820,sds-2match-prompt2,same-different-selection,Choose two cards that are the same in a different way.,Escoge dos cartas que sean pareja porque son iguales en algo diferente. ,"Wähle zwei Karten, die auf unterschiedliche Weise gleich sind.","sds-2match-prompt2
Final es-co & de translation review complete
Sheet: translation-items-v2"
821,sds-3unique-prompt1,same-different-selection,Choose three cards that are the same in only one way.,Escoge tres cartas que sean iguales en un solo aspecto. ,"Wähle drei Karten aus, die in irgendeiner Weise gleich sind.","sds-3unique-prompt1
Final es-co & de translation review complete
Sheet: translation-items-v2"
822,sds-3unique-prompt2,same-different-selection,Choose another three cards that are the same in only one way.,Escoge otras tres cartas que sean iguales en un solo aspecto.,"Wähle drei weitere Karten aus, die auf unterschiedliche Art und Weise gleich sind.","sds-3unique-prompt2
Final es-co & de translation review complete
Sheet: translation-items-v2"
823,memory-game-display,memory-game,Watch the squares light up.,Observa se iluminan los cuadrados.,"Beobachte, wie die Quadrate aufleuchten.","memory-game-display
Final es-co & de translation review complete
Sheet: translation-items-v2"
824,memory-game-input,memory-game,Touch the squares in the same order.,Toca los cuadrados en el mismo orden.,Berühre die Quadrate in der gleichen Reihenfolge.,"memory-game-input
Final es-co & de translation review complete
Sheet: translation-items-v2"
831,memory-game-instruct5,memory-game,This time the game won't tell you if you're right or wrong. Let’s start playing the memory game!,Esta vez el juego no te dirá si la respuesta es correcta o no. ¡Empecemos a jugar al juego de memoria!,"Dieses Mal wird dir das Spiel nicht sagen, ob du richtig oder falsch liegst. Los geht's mit dem Memory-Spiel!","memory-game-instruct5
Final es-co & de translation review complete
Sheet: translation-items-v2"
833,memory-game-backward-prompt,memory-game,Choose the squares in the backward order.,Escoge los cuadrados en orden inverso.,Wähle die Quadrate in der umgekehrten Reihenfolge.,"memory-game-backward-prompt
Final es-co & de translation review complete
Sheet: translation-items-v2"
836,heart-instruct2,hearts-and-flowers,"When you see a heart, press the button on the same side.","Cuando veas un corazón, presiona el botón del mismo lado.","Wenn du ein Herz siehst, drücke den Knopf auf der gleichen Seite.","heart-instruct2
Final es-co & de translation review complete
Sheet: translation-items-v2"
837,hearts-and-flowers-try-again,hearts-and-flowers,That's not right. Try again.,La respuesta no es correcta.  Inténtalo de nuevo.,Das ist nicht richtig. Versuch es noch einmal.,"hearts-and-flowers-try-again
Final es-co & de translation review complete
Sheet: translation-items-v2"
841,hearts-and-flowers-instruct1,hearts-and-flowers,This time the game will go faster. It won't tell you if you are right or wrong. Try to keep up!,Esta vez el juego irá más rápido. No te dirá si la respuesta es correcta o no. ¡Trata de seguir el ritmo!,"Jetzt spielen wir das Spiel schneller. Es wird dir nicht sagen, ob du richtig oder falsch liegst. Versuch hinterherzukommen!","hearts-and-flowers-instruct1
Final es-co & de translation review complete
Sheet: translation-items-v2"
842,hearts-and-flowers-instruct2,hearts-and-flowers,"Try to answer as fast as you can without making mistakes. If you make a mistake, just keep going!","Intenta responder lo más rápido que puedas sin cometer errores. Si cometes un error, ¡sigue adelante!","Versuche, so schnell wie möglich zu antworten, ohne Fehler zu machen. Wenn du einen Fehler machst, mach einfach weiter!","hearts-and-flowers-instruct2
Final es-co & de translation review complete
Sheet: translation-items-v2"
852,vocab-item-001,vocab,the acorn,la bellota,die eichel,"vocab-item-001

Sheet: translation-items-v2"
853,vocab-item-002,vocab,the aloe,el áloe,die aloe,"vocab-item-002

Sheet: translation-items-v2"
854,vocab-item-003,vocab,the antenna,la antena,die antenne,"vocab-item-003

Sheet: translation-items-v2"
855,vocab-item-004,vocab,the artichoke,la alcachofa,die artischocke,"vocab-item-004

Sheet: translation-items-v2"
856,vocab-item-005,vocab,the bamboo,el bambú,der bambus,"vocab-item-005

Sheet: translation-items-v2"
857,vocab-item-006,vocab,the barrel,el barril,das fass,"vocab-item-006

Sheet: translation-items-v2"
858,vocab-item-007,vocab,the blender,la licuadora,der mixer,"vocab-item-007

Sheet: translation-items-v2"
859,vocab-item-008,vocab,the blower,el soplador,das gebläse,"vocab-item-008

Sheet: translation-items-v2"
860,vocab-item-009,vocab,the bouquet,el ramo,der blumenstrauß,"vocab-item-009

Sheet: translation-items-v2"
861,vocab-item-010,vocab,the buffet,el bufé,das buffet,"vocab-item-010

Sheet: translation-items-v2"
862,vocab-item-011,vocab,the bulldozer,la excavadora,die planierraupe,"vocab-item-011

Sheet: translation-items-v2"
863,vocab-item-012,vocab,the cake,el pastel,der kuchen,"vocab-item-012

Sheet: translation-items-v2"
864,vocab-item-013,vocab,the caramel,el caramelo,das karamell,"vocab-item-013

Sheet: translation-items-v2"
865,vocab-item-014,vocab,the carousel,el carrusel,das karussell,"vocab-item-014

Sheet: translation-items-v2"
866,vocab-item-015,vocab,the carrot,la zanahoria,die karotte,"vocab-item-015

Sheet: translation-items-v2"
867,vocab-item-016,vocab,the cassette,el casete,die kassette,"vocab-item-016

Sheet: translation-items-v2"
868,vocab-item-017,vocab,the cheese,el queso,der käse,"vocab-item-017

Sheet: translation-items-v2"
869,vocab-item-018,vocab,the cloak,la capucha,der mantel,"vocab-item-018

Sheet: translation-items-v2"
870,vocab-item-019,vocab,the clothespin,la pinza para la ropa,die wäscheklammer,"vocab-item-019

Sheet: translation-items-v2"
871,vocab-item-020,vocab,the coaster,el portavasos,der untersetzer,"vocab-item-020

Sheet: translation-items-v2"
872,vocab-item-021,vocab,the cork,el corcho,der korken,"vocab-item-021

Sheet: translation-items-v2"
873,vocab-item-022,vocab,the cornbread,el pan de maíz,das maisbrot,"vocab-item-022

Sheet: translation-items-v2"
874,vocab-item-023,vocab,the corset,el corsé,das korsett,"vocab-item-023

Sheet: translation-items-v2"
875,vocab-item-024,vocab,the dumpling,el dumpling,der Teigtaschen,"vocab-item-024

Sheet: translation-items-v2"
876,vocab-item-025,vocab,the elbow,el codo,der ellbogen,"vocab-item-025

Sheet: translation-items-v2"
877,vocab-item-026,vocab,the fan,el ventilador,der ventilator,"vocab-item-026

Sheet: translation-items-v2"
878,vocab-item-027,vocab,the foam,la espuma,der schaumstoff,"vocab-item-027

Sheet: translation-items-v2"
879,vocab-item-028,vocab,the footbath,la lavapiés,das fußbad,"vocab-item-028

Sheet: translation-items-v2"
880,vocab-item-029,vocab,the fruitcake,el pastel de frutas,der obstkuchen,"vocab-item-029

Sheet: translation-items-v2"
881,vocab-item-030,vocab,the gutter,la canaleta,die dachrinne,"vocab-item-030

Sheet: translation-items-v2"
882,vocab-item-031,vocab,the hamster,el hámster,der hamster,"vocab-item-031

Sheet: translation-items-v2"
883,vocab-item-032,vocab,the hedgehog,el erizo,der igel,"vocab-item-032

Sheet: translation-items-v2"
884,vocab-item-033,vocab,the hoe,la azadilla,die hacke,"vocab-item-033

Sheet: translation-items-v2"
885,vocab-item-034,vocab,the hopscotch,la golosa,Himmel und Hölle,"vocab-item-034

Sheet: translation-items-v2"
886,vocab-item-035,vocab,the kimono,el kimono,der kimono,"vocab-item-035

Sheet: translation-items-v2"
887,vocab-item-036,vocab,the latch,el cerrojo,der riegel,"vocab-item-036

Sheet: translation-items-v2"
888,vocab-item-037,vocab,the locker,el casillero,das schließfach,"vocab-item-037

Sheet: translation-items-v2"
889,vocab-item-038,vocab,the lollipop,la chupeta,der lollipop,"vocab-item-038

Sheet: translation-items-v2"
890,vocab-item-039,vocab,the map,el mapa,die karte,"vocab-item-039

Sheet: translation-items-v2"
891,vocab-item-040,vocab,the marshmallow,el malvavisco,der marshmallow,"vocab-item-040

Sheet: translation-items-v2"
892,vocab-item-041,vocab,the net,la malla,das netz,"vocab-item-041

Sheet: translation-items-v2"
893,vocab-item-042,vocab,the oil,el aceite,das öl,"vocab-item-042

Sheet: translation-items-v2"
894,vocab-item-043,vocab,the omelet,la tortilla,das omelett,"vocab-item-043

Sheet: translation-items-v2"
895,vocab-item-044,vocab,the pie,la tarta,der kuchen,"vocab-item-044

Sheet: translation-items-v2"
896,vocab-item-045,vocab,the pistachio,el pistacho,die pistazien,"vocab-item-045

Sheet: translation-items-v2"
897,vocab-item-046,vocab,the pitcher,la jarra,der krug,"vocab-item-046

Sheet: translation-items-v2"
898,vocab-item-047,vocab,the potato,la papa,die kartoffel,"vocab-item-047

Sheet: translation-items-v2"
899,vocab-item-048,vocab,the prism,el prisma,das prisma,"vocab-item-048

Sheet: translation-items-v2"
900,vocab-item-049,vocab,the puddle,el charco,die pfütze,"vocab-item-049

Sheet: translation-items-v2"
901,vocab-item-050,vocab,the pump,la bomba de agua,die pumpe,"vocab-item-050

Sheet: translation-items-v2"
902,vocab-item-051,vocab,the rice,el arroz,der reis,"vocab-item-051

Sheet: translation-items-v2"
903,vocab-item-052,vocab,the saddle,la silla de montar,der sattel,"vocab-item-052

Sheet: translation-items-v2"
904,vocab-item-053,vocab,the sandbag,el saco de arena,der sandsack,"vocab-item-053

Sheet: translation-items-v2"
905,vocab-item-054,vocab,the scaffolding,el andamio,das gerüst,"vocab-item-054

Sheet: translation-items-v2"
906,vocab-item-055,vocab,the scoop,el cucharón,die schaufel,"vocab-item-055

Sheet: translation-items-v2"
907,vocab-item-056,vocab,the seagull,la gaviota,die möwe,"vocab-item-056

Sheet: translation-items-v2"
908,vocab-item-057,vocab,the ship,el barco,das schiff,"vocab-item-057

Sheet: translation-items-v2"
909,vocab-item-058,vocab,the shower,la ducha,die dusche,"vocab-item-058

Sheet: translation-items-v2"
910,vocab-item-059,vocab,the silverware,los cubiertos,der tafelsilber,"vocab-item-059

Sheet: translation-items-v2"
911,vocab-item-060,vocab,the sink,el lavabo,das waschbecken,"vocab-item-060

Sheet: translation-items-v2"
912,vocab-item-061,vocab,the ski,el esquí,der ski,"vocab-item-061

Sheet: translation-items-v2"
913,vocab-item-062,vocab,the sloth,el oso perozoso,das faultier,"vocab-item-062

Sheet: translation-items-v2"
914,vocab-item-063,vocab,the snail,el caracol,die schnecke,"vocab-item-063

Sheet: translation-items-v2"
915,vocab-item-064,vocab,the sorbet,el sorbete,das sorbet,"vocab-item-064

Sheet: translation-items-v2"
916,vocab-item-065,vocab,the spatula,la espátula,der Pfannenwender,"vocab-item-065

Sheet: translation-items-v2"
917,vocab-item-066,vocab,the sprinkler,el aspersor,der sprinkler,"vocab-item-066

Sheet: translation-items-v2"
918,vocab-item-067,vocab,the squash,la calabaza,der kürbis,"vocab-item-067

Sheet: translation-items-v2"
919,vocab-item-068,vocab,the squirrel,la ardilla,das eichhörnchen,"vocab-item-068

Sheet: translation-items-v2"
920,vocab-item-069,vocab,the stew,el guiso,der Eintopf,"vocab-item-069

Sheet: translation-items-v2"
921,vocab-item-070,vocab,the rubber band,la banda elástica,das Gummiband,"vocab-item-070

Sheet: translation-items-v2"
922,vocab-item-071,vocab,the stump,el tocón,der baumstumpf,"vocab-item-071

Sheet: translation-items-v2"
923,vocab-item-072,vocab,the sunflower,el girasol,die sonnenblume,"vocab-item-072

Sheet: translation-items-v2"
924,vocab-item-073,vocab,the swordfish,el pez espada,der schwertfisch,"vocab-item-073

Sheet: translation-items-v2"
925,vocab-item-074,vocab,the tapestry,el tapiz,der wandteppich,"vocab-item-074

Sheet: translation-items-v2"
926,vocab-item-075,vocab,the teabag,la bolsa de té,der teebeutel,"vocab-item-075

Sheet: translation-items-v2"
927,vocab-item-076,vocab,the telescope,el telescopio,der teleskop,"vocab-item-076

Sheet: translation-items-v2"
928,vocab-item-077,vocab,the thermos,el termo,die thermoskanne,"vocab-item-077

Sheet: translation-items-v2"
929,vocab-item-078,vocab,the treasure,el tesoro,der schatz,"vocab-item-078

Sheet: translation-items-v2"
930,vocab-item-079,vocab,the trumpet,la trompeta,die trompete,"vocab-item-079

Sheet: translation-items-v2"
931,vocab-item-080,vocab,the tulip,el tulipán,die tulpe,"vocab-item-080

Sheet: translation-items-v2"
932,vocab-item-081,vocab,the turbine,la turbina,die turbine,"vocab-item-081

Sheet: translation-items-v2"
933,vocab-item-082,vocab,the turkey,el pavo,der truthahn,"vocab-item-082

Sheet: translation-items-v2"
934,vocab-item-083,vocab,the turtle,la tortuga,die schildkröte,"vocab-item-083

Sheet: translation-items-v2"
935,vocab-item-084,vocab,the typewriter,la máquina de escribir,die schreibmaschine,"vocab-item-084

Sheet: translation-items-v2"
936,vocab-item-085,vocab,the watermelon,la sandía,die wassermelone,"vocab-item-085

Sheet: translation-items-v2"
937,vocab-item-086,vocab,the waterwheel,la rueda hidráulica,das wasserrad,"vocab-item-086

Sheet: translation-items-v2"
938,vocab-item-087,vocab,the ant,la hormiga,die ameise,"vocab-item-087

Sheet: translation-items-v2"
939,vocab-item-088,vocab,the ball,la pelota,der kugel,"vocab-item-088

Sheet: translation-items-v2"
940,vocab-item-089,vocab,the bear,el oso,der bär,"vocab-item-089

Sheet: translation-items-v2"
941,vocab-item-090,vocab,the duck,el pato,die ente,"vocab-item-090

Sheet: translation-items-v2"
942,vocab-item-091,vocab,the fork,el tenedor,die gabel,"vocab-item-091

Sheet: translation-items-v2"
943,vocab-item-092,vocab,the kitten,el gatito,das kätzchen,"vocab-item-092

Sheet: translation-items-v2"
944,vocab-item-093,vocab,the knee,la rodilla,das knie,"vocab-item-093

Sheet: translation-items-v2"
945,vocab-item-094,vocab,the milkshake,la malteada,der milchshake,"vocab-item-094

Sheet: translation-items-v2"
946,vocab-item-095,vocab,the skin,la piel,der haut,"vocab-item-095

Sheet: translation-items-v2"
947,vocab-item-096,vocab,the wall,el muro,die wand,"vocab-item-096

Sheet: translation-items-v2"
948,vocab-item-097,vocab,the wheel,la rueda,das rad,"vocab-item-097

Sheet: translation-items-v2"
949,vocab-item-098,vocab,the farm,la granja,der bauernhof,"vocab-item-098

Sheet: translation-items-v2"
950,vocab-item-099,vocab,juggling,el malabarismo,der jonglieren,"vocab-item-099

Sheet: translation-items-v2"
951,vocab-item-100,vocab,the dressing,el aderezo,der Dressing,"vocab-item-100

Sheet: translation-items-v2"
952,vocab-item-101,vocab,the roof,el techo,das dach,"vocab-item-101

Sheet: translation-items-v2"
954,vocab-item-103,vocab,the ruler,la regla,das lineal,"vocab-item-103

Sheet: translation-items-v2"
955,vocab-item-104,vocab,the tunnel,el túnel,der tunnel,"vocab-item-104

Sheet: translation-items-v2"
956,vocab-item-105,vocab,the envelope,el sobre,der umschlag,"vocab-item-105

Sheet: translation-items-v2"
957,vocab-item-106,vocab,the diamond,el diamante,der diamant,"vocab-item-106

Sheet: translation-items-v2"
958,vocab-item-107,vocab,the calendar,el calendario,der kalender,"vocab-item-107

Sheet: translation-items-v2"
959,vocab-item-108,vocab,the panda,el panda,der panda,"vocab-item-108

Sheet: translation-items-v2"
960,vocab-item-109,vocab,the arrow,la flecha,der pfeil,"vocab-item-109

Sheet: translation-items-v2"
963,vocab-item-112,vocab,the knight,el caballero,der ritter,"vocab-item-112

Sheet: translation-items-v2"
965,vocab-item-114,vocab,the dentist,la dentista,der zahnarzt,"vocab-item-114

Sheet: translation-items-v2"
966,vocab-item-115,vocab,the claw,la garra,der Klauenhammer,"vocab-item-115

Sheet: translation-items-v2"
967,vocab-item-116,vocab,the uniform,el uniforme,die uniform,"vocab-item-116

Sheet: translation-items-v2"
969,vocab-item-118,vocab,the cormorant,el cormorán,der kormoran,"vocab-item-118

Sheet: translation-items-v2"
971,vocab-item-120,vocab,the arcade,la arcada,die arkade,"vocab-item-120

Sheet: translation-items-v2"
972,vocab-item-121,vocab,the artifact,el artefacto,das artefakt,"vocab-item-121

Sheet: translation-items-v2"
974,vocab-item-123,vocab,the beret,la boina,die baskenmütze,"vocab-item-123

Sheet: translation-items-v2"
977,vocab-item-126,vocab,the camp,el campamento,das lager,"vocab-item-126

Sheet: translation-items-v2"
980,vocab-item-129,vocab,the confectionery,la confitería,der Süßigkeiten,"vocab-item-129

Sheet: translation-items-v2"
981,vocab-item-130,vocab,the couturier,el costurero,der Schneider,"vocab-item-130

Sheet: translation-items-v2"
983,vocab-item-132,vocab,the divan,el diván,die Ottomane,"vocab-item-132

Sheet: translation-items-v2"
984,vocab-item-133,vocab,the wetland,el humedal,das feuchtgebiet,"vocab-item-133

Sheet: translation-items-v2"
985,vocab-item-134,vocab,the baywindow,la ventana salediza,das erkerfenster,"vocab-item-134

Sheet: translation-items-v2"
986,vocab-item-135,vocab,the aesthete,el esteta,der ästhetik,"vocab-item-135

Sheet: translation-items-v2"
991,vocab-item-140,vocab,the facade,la fachada,die fassade,"vocab-item-140

Sheet: translation-items-v2"
992,vocab-item-141,vocab,the slope,la pendiente,der hang,"vocab-item-141

Sheet: translation-items-v2"
993,vocab-item-142,vocab,the habit,el hábito,die Angewohnheit,"vocab-item-142

Sheet: translation-items-v2"
994,vocab-item-143,vocab,the intersection,la intersección,die kreuzung,"vocab-item-143

Sheet: translation-items-v2"
995,vocab-item-144,vocab,the irrigation,la irrigación,die bewässerung,"vocab-item-144

Sheet: translation-items-v2"
996,vocab-item-145,vocab,the kazoo,el kazoo,der kazoo,"vocab-item-145

Sheet: translation-items-v2"
998,vocab-item-147,vocab,the colony,la colonia,die kolonie,"vocab-item-147

Sheet: translation-items-v2"
1000,vocab-item-149,vocab,the awning,el toldo,der sonnensegel,"vocab-item-149

Sheet: translation-items-v2"
1002,vocab-item-151,vocab,the metronome,el metrónomo,das metronom,"vocab-item-151

Sheet: translation-items-v2"
1003,vocab-item-152,vocab,the paleontologist,el paleontólogo,der paläontologe,"vocab-item-152

Sheet: translation-items-v2"
1004,vocab-item-153,vocab,the percussion,la percusión,die perkussion,"vocab-item-153

Sheet: translation-items-v2"
1005,vocab-item-154,vocab,the posterior,la posterior,der hinten,"vocab-item-154

Sheet: translation-items-v2"
1007,vocab-item-156,vocab,the arbor,el quiosco,der Pavillon,"vocab-item-156

Sheet: translation-items-v2"
1009,vocab-item-158,vocab,the rosette,el rosetón,die rosette,"vocab-item-158

Sheet: translation-items-v2"
1010,vocab-item-159,vocab,the saffron,el azafrán,der safran,"vocab-item-159

Sheet: translation-items-v2"
1012,vocab-item-161,vocab,the skimmer,la desnatadora,der abschäumer,"vocab-item-161

Sheet: translation-items-v2"
1014,vocab-item-163,vocab,the suede,la gamuza,das wildleder,"vocab-item-163

Sheet: translation-items-v2"
1015,vocab-item-164,vocab,the turnstile,el torniquete,das Drehkreuz,"vocab-item-164

Sheet: translation-items-v2"
1016,vocab-item-165,vocab,the triad,la tríada,die triade,"vocab-item-165

Sheet: translation-items-v2"
1019,vocab-item-168,vocab,the steam,el vapor,der dampf,"vocab-item-168

Sheet: translation-items-v2"
1020,vocab-item-169,vocab,the vertebra,la vértebra,der wirbel,"vocab-item-169

Sheet: translation-items-v2"
1021,vocab-item-170,vocab,the bandage,el vendaje,der verband,"vocab-item-170

Sheet: translation-items-v2"
1030,ChildSurveyIntro,survey,"These questions ask you about how you feel at school and some of the things you do at school. There are no right or wrong answers. Choose the answer that best describes what you think. No, never; Yes, some of the time; Yes, most of the time; Yes, all of the time. The first two are for practice.","Estas preguntas se refieren a cómo te sientes en la escuela, y a algunas de las cosas que haces en la escuela. No hay respuestas correctas ni incorrectas. Elige la respuesta que mejor diga lo que tú piensas. No, nunca; Sí, algunas veces; Sí, muchas veces; Sí, siempre. Las dos primeras preguntas son de práctica.","In diesen Fragen geht es darum, wie du dich in der Schule fühlst und was du in der Schule machst. Es gibt keine richtigen oder falschen Antworten. Wähle die Antwort, die am besten beschreibt, was du denkst. Nein, nie; Ja, manchmal; Ja, meistens; Ja, immer. Die ersten beiden Fragen sind zum Üben.","ChildSurveyIntro

Sheet: translation-items-v2"
1031,Example1Comic,survey,Do you like to read comic books?,¿Te gusta leer historietas (comics)?,Liest du gerne Comics?,"Example1Comic

Sheet: translation-items-v2"
1032,Example2Neat,survey,Are you neat and tidy at school?,¿Eres limpio y ordenado en el colegio?,Bist du in der Schule ordentlich?,"Example2Neat

Sheet: translation-items-v2"
1033,TeacherNice,survey,Is your teacher nice to you?,¿Te trata bien tu profesor?,Ist dein Lehrer nett zu dir?,"TeacherNice

Sheet: translation-items-v2"
1034,TeacherLike,survey,Does your teacher like you?,¿Le caes bien a tu profesor?,Mag dich dein Lehrer?,"TeacherLike

Sheet: translation-items-v2"
1035,TeacherListen,survey,Does your teacher listen to you?,¿Te escucha tu profesor?,Hört dein Lehrer dir zu?,"TeacherListen

Sheet: translation-items-v2"
1036,SchoolFun,survey,Is school fun?,¿Te diviertes en el colegio?,Macht die Schule Spaß?,"SchoolFun

Sheet: translation-items-v2"
1037,SchoolEnjoy,survey,Do you enjoy school?,¿Te gusta la escuela?,"Magst du es, in die Schule zu gehen?","SchoolEnjoy

Sheet: translation-items-v2"
1038,SchoolHappy,survey,Are you happy at school?,¿Te sientes feliz en la escuela?,Bist du glücklich in der Schule?,"SchoolHappy

Sheet: translation-items-v2"
1039,SchoolSafe,survey,Do you feel safe at school?,¿Te sientes seguro o segura en el colegio?,Fühlst du dich in der Schule sicher?,"SchoolSafe

Sheet: translation-items-v2"
1040,ClassFriends,survey,Do you have friends in your class?,¿Tienes amigos o amigas en tu clase?,Hast du Freunde in deiner Klasse?,"ClassFriends

Sheet: translation-items-v2"
1041,ClassHelp,survey,Do the kids in your class help you when you need it?,¿Te ayudan los niños y las niñas de tu clase cuando lo necesitas?,"Helfen dir die Kinder in deiner Klasse, wenn du Hilfe brauchst?","ClassHelp

Sheet: translation-items-v2"
1042,ClassPlay,survey,Do the kids in your class play with you?,¿Los niños y las niñas de tu clase juegan contigo?,Spielen die Kinder in deiner Klasse mit dir?,"ClassPlay

Sheet: translation-items-v2"
1043,ClassNice,survey,Are the kids in your class nice to you?,¿Los niños y las niñas de tu clase son amables contigo?,Sind die Kinder in deiner Klasse nett zu dir?,"ClassNice

Sheet: translation-items-v2"
1044,LonelySchool,survey,Do you feel lonely at school?,¿Te sientes solo o sola en el colegio?,Fühlst du dich in der Schule einsam?,"LonelySchool

Sheet: translation-items-v2"
1045,LearningGood,survey,Are you good at learning things in school?,¿Te queda fácil aprender en el colegio?,"Bist du gut darin, in der Schule etwas zu lernen?","LearningGood

Sheet: translation-items-v2"
1046,SchoolGiveUp,survey,"When schoolwork is hard, do you give up right away?","Cuando las tareas escolares son difíciles, ¿te rindes enseguida?","Gibst du sofort auf, wenn dir die Schularbeit schwer fällt?","SchoolGiveUp

Sheet: translation-items-v2"
1047,ReadingEnjoy,survey,Do you enjoy doing reading activities at school?,¿Te gusta hacer actividades de lectura en el colegio?,Macht es dir Spaß in der Schule zu lesen? ,"ReadingEnjoy

Sheet: translation-items-v2"
1048,MathEnjoy,survey,Do you enjoy doing math activities at school?,¿Te gusta hacer actividades de matemáticas en el colegio?,Hast du Spaß am Fach Mathe?,"MathEnjoy

Sheet: translation-items-v2"
1049,ReadingGood,survey,Are you good at reading?,¿Eres bueno o buena para la lectura?,Bist du gut im Lesen?,"ReadingGood

Sheet: translation-items-v2"
1050,MathGood,survey,Are you good at math?,¿Eres bueno o buena para las matemáticas?,Bist du gut in Mathe?,"MathGood

Sheet: translation-items-v2"
1051,GrowthMindSmart,survey,Some kids think they can get smarter if they work really hard. Do you think that you can get smarter if you work really hard?,Algunos niños y niñas piensan que pueden ser más inteligentes si se esfuerzan mucho. ¿Crees que tú puedes ser más inteligente si te esfuerzas mucho?,"Manche Kinder glauben, dass sie schlauer werden können, wenn sie sich anstrengen. Bist du auch der Meinung, dass du schlauer werden kannst, wenn du dich anstrengst?","GrowthMindSmart

Sheet: translation-items-v2"
1052,GrowthMindRead,survey,Some kids think they can get better at reading if they work really hard. Do you think that you can get better at reading if you work really hard?,Algunos niños y niñas creen que pueden mejorar en lectura si se esfuerzan mucho. ¿Crees que tú puedes mejorar en lectura si te esfuerzas mucho?,"Manche Kinder glauben, dass sie besser lesen können, wenn sie sich richtig anstrengen. Bist du auch der Meinung, dass du besser lesen kannst, wenn du dich richtig anstrengst?","GrowthMindRead

Sheet: translation-items-v2"
1053,GrowthMindMath,survey,Some kids think they can get better at math if they work really hard. Do you think that you can get better at math if you work really hard?,Algunos niños y niñas creen que pueden mejorar en matemáticas si se esfuerzan mucho. ¿Crees que tú puedes mejorar en matemáticas si te esfuerzas mucho?,"Manche Kinder glauben, dass sie in Mathematik besser werden können, wenn sie sich richtig anstrengen. Bist du auch der Meinung, dass man in Mathe besser wird, wenn man sich richtig anstrengt?","GrowthMindMath

Sheet: translation-items-v2"
1054,ChildSurveyRespoonses,survey,"No, never; Yes, some of the time; Yes, most of the time; Yes, all of the time","No, nunca; Sí, algunas veces; Sí, muchas veces; Sí, siempre","Nein, nie; Ja, manchmal; Ja, meistens; Ja, immer","ChildSurveyRespoonses

Sheet: translation-items-v2"
1055,ToM-scene7-instruct1,,"Here is Diana. This morning at school, Diana put her toy in this drawer, because she didn’t want anyone to find it.","Here is Diana. This morning at school, Diana put her toy in this drawer, because she didn’t want anyone to find it.","Here is Diana. This morning at school, Diana put her toy in this drawer, because she didn’t want anyone to find it.","ToM-scene7-instruct1

Sheet: translation-items-v2"
1056,ToM-scene7-instruct2,,"But while Diana was outside, someone did find it! And moved it from inside the drawer, to inside the desk.","But while Diana was outside, someone did find it! And moved it from inside the drawer, to inside the desk.","But while Diana was outside, someone did find it! And moved it from inside the drawer, to inside the desk.","ToM-scene7-instruct2

Sheet: translation-items-v2"
1057,ToM-scene7-instruct3,,So now it’s playtime and Diana wants her toy.,So now it’s playtime and Diana wants her toy.,So now it’s playtime and Diana wants her toy.,"ToM-scene7-instruct3

Sheet: translation-items-v2"
1058,ToM-scene7-q1-false_belief,,Where will Diana look for her toy?,Where will Diana look for her toy?,Where will Diana look for her toy?,"ToM-scene7-q1-false_belief

Sheet: translation-items-v2"
1059,ToM-scene7-q2-reality_check,,And where is her toy really?,And where is her toy really?,And where is her toy really?,"ToM-scene7-q2-reality_check

Sheet: translation-items-v2"
1060,ToM-scene8-instruct1,,"This morning when she came to school, Allie put her yellow pencil on this shelf, above the backpack shelf.","This morning when she came to school, Allie put her yellow pencil on this shelf, above the backpack shelf.","This morning when she came to school, Allie put her yellow pencil on this shelf, above the backpack shelf.","ToM-scene8-instruct1

Sheet: translation-items-v2"
1061,ToM-scene8-instruct2,,"And then she went outside to play - see? Here’s Allie playing outside. And while she was outside playing, Allie’s yellow pencil fell down from on top of the backpack shelf to behind the backpack shelf, see?","And then she went outside to play - see? Here’s Allie playing outside. And while she was outside playing, Allie’s yellow pencil fell down from on top of the backpack shelf to behind the backpack shelf, see?","And then she went outside to play - see? Here’s Allie playing outside. And while she was outside playing, Allie’s yellow pencil fell down from on top of the backpack shelf to behind the backpack shelf, see?","ToM-scene8-instruct2

Sheet: translation-items-v2"
1062,ToM-scene8-instruct3,,"Then Mike comes in, and Mike puts his pencil above the backpack shelf. Mike’s pencil is also yellow! But Allie is still outside playing, so she didn’t see what Mike was doing.","Then Mike comes in, and Mike puts his pencil above the backpack shelf. Mike’s pencil is also yellow! But Allie is still outside playing, so she didn’t see what Mike was doing.","Then Mike comes in, and Mike puts his pencil above the backpack shelf. Mike’s pencil is also yellow! But Allie is still outside playing, so she didn’t see what Mike was doing.","ToM-scene8-instruct3

Sheet: translation-items-v2"
1063,ToM-scene8-q1-false_belief,,"Now, when Allie comes in from outside, where will she look first for her pencil?","Now, when Allie comes in from outside, where will she look first for her pencil?","Now, when Allie comes in from outside, where will she look first for her pencil?","ToM-scene8-q1-false_belief

Sheet: translation-items-v2"
1064,top,,On top of the backpack shelf,On top of the backpack shelf,On top of the backpack shelf,"top

Sheet: translation-items-v2"
1065,behind,,Behind the backpack shelf,Behind the backpack shelf,Behind the backpack shelf,"behind

Sheet: translation-items-v2"
1066,ToM-scene-8-instruct4,,"Let’s see what she does. Oh look, here is Allie reaching for this pencil up on top of the shelf. And now Mike sees Allie reaching for that pencil... the pencil that is Mike's!","Let’s see what she does. Oh look, here is Allie reaching for this pencil up on top of the shelf. And now Mike sees Allie reaching for that pencil... the pencil that is Mike's!","Let’s see what she does. Oh look, here is Allie reaching for this pencil up on top of the shelf. And now Mike sees Allie reaching for that pencil... the pencil that is Mike's!","ToM-scene-8-instruct4

Sheet: translation-items-v2"
1067,ToM-scene-8-q2-emotion_reasoning,,How do you think Mike feels about Allie reaching for that pencil?,How do you think Mike feels about Allie reaching for that pencil?,How do you think Mike feels about Allie reaching for that pencil?,"ToM-scene-8-q2-emotion_reasoning

Sheet: translation-items-v2"
1068,ToM-scene-8-q3-emotion_reasoning,,How do you think Mike would feel if he had not seen Allie reaching for the pencil?,How do you think Mike would feel if he had not seen Allie reaching for the pencil?,How do you think Mike would feel if he had not seen Allie reaching for the pencil?,"ToM-scene-8-q3-emotion_reasoning

Sheet: translation-items-v2"
1069,ToM-scene-8-q4-false_belief,,Is Allie being mean and naughty for taking Mike’s pencil?,Is Allie being mean and naughty for taking Mike’s pencil?,Is Allie being mean and naughty for taking Mike’s pencil?,"ToM-scene-8-q4-false_belief

Sheet: translation-items-v2"
1070,ToM-scene-8-q5-false_belief,,Should Allie get in trouble with the teacher for taking Mike’s pencil?,Should Allie get in trouble with the teacher for taking Mike’s pencil?,Should Allie get in trouble with the teacher for taking Mike’s pencil?,"ToM-scene-8-q5-false_belief

Sheet: translation-items-v2"
1071,ToM-scene-8-q6-reality_check,,Can you help Mike find his pencil? Is it on top of the shelf or behind the shelf?,Can you help Mike find his pencil? Is it on top of the shelf or behind the shelf?,Can you help Mike find his pencil? Is it on top of the shelf or behind the shelf?,"ToM-scene-8-q6-reality_check

Sheet: translation-items-v2"
1072,ToM-scene-8-q7-reality_check,,Can you help Allie find her pencil? Is it on top of the shelf or behind the shelf?,Can you help Allie find her pencil? Is it on top of the shelf or behind the shelf?,Can you help Allie find her pencil? Is it on top of the shelf or behind the shelf?,"ToM-scene-8-q7-reality_check

Sheet: translation-items-v2"
1073,ToM-scene-9-instruct1,,"This is Mark. Mark is playing a really silly game today and not saying any words all day long. Instead, Mark’s drawing pictures. Mark is at the library, deciding which book he would like to read. Mom shows Mark two books - a book about cups and a book about hills.","This is Mark. Mark is playing a really silly game today and not saying any words all day long. Instead, Mark’s drawing pictures. Mark is at the library, deciding which book he would like to read. Mom shows Mark two books - a book about cups and a book about hills.","This is Mark. Mark is playing a really silly game today and not saying any words all day long. Instead, Mark’s drawing pictures. Mark is at the library, deciding which book he would like to read. Mom shows Mark two books - a book about cups and a book about hills.","ToM-scene-9-instruct1

Sheet: translation-items-v2"
1074,ToM-scene-9-instruct2,,"Mark draws a picture of a hill, to tell Mom that he wants to read the book about hills. But when Mark gives Mom the picture, she holds it upside-down, so that it looks like a cup!","Mark draws a picture of a hill, to tell Mom that he wants to read the book about hills. But when Mark gives Mom the picture, she holds it upside-down, so that it looks like a cup!","Mark draws a picture of a hill, to tell Mom that he wants to read the book about hills. But when Mark gives Mom the picture, she holds it upside-down, so that it looks like a cup!","ToM-scene-9-instruct2

Sheet: translation-items-v2"
1075,ToM-scene-9-q1-reality_check,,What did Mark mean to draw?,What did Mark mean to draw?,What did Mark mean to draw?,"ToM-scene-9-q1-reality_check

Sheet: translation-items-v2"
1076,hill,,A hill,A hill,A hill,"hill

Sheet: translation-items-v2"
1077,cup,,A cup,A cup,A cup,"cup

Sheet: translation-items-v2"
1078,ToM-scene-9-q2-false_belief,,"When Mom sees the picture, what book will she give Mark? ","When Mom sees the picture, what book will she give Mark? ","When Mom sees the picture, what book will she give Mark? ","ToM-scene-9-q2-false_belief

Sheet: translation-items-v2"
1079,ToM-scene-9-q3-reality_check,,What book does Mark really want? ,What book does Mark really want? ,What book does Mark really want? ,"ToM-scene-9-q3-reality_check

Sheet: translation-items-v2"
1080,hillsbook,,The book about hills,The book about hills,The book about hills,"hillsbook

Sheet: translation-items-v2"
1081,cupbook,,The book about cups,The book about cups,The book about cups,"cupbook

Sheet: translation-items-v2"
1082,ToM-scene-9-q4-emotion_reasoning,,"Look, Mom realized her mistake and gave Mark the book he really wanted! How do you think Mark feels about getting the book he wanted?","Look, Mom realized her mistake and gave Mark the book he really wanted! How do you think Mark feels about getting the book he wanted?","Look, Mom realized her mistake and gave Mark the book he really wanted! How do you think Mark feels about getting the book he wanted?","ToM-scene-9-q4-emotion_reasoning

Sheet: translation-items-v2"
1083,ToM-scene-10-instruct1,,Teacher Sarah tells all of the kids to take one storybook from the bag that she brought - there is one storybook for every kid.,Teacher Sarah tells all of the kids to take one storybook from the bag that she brought - there is one storybook for every kid.,Teacher Sarah tells all of the kids to take one storybook from the bag that she brought - there is one storybook for every kid.,"ToM-scene-10-instruct1

Sheet: translation-items-v2"
1084,ToM-scene-10-instruct2,,"Now there are two storybooks left, and Brian and Megan are the last two kids without storybooks. But when Brian goes to get his storybook, he decides to take both storybooks, even though he knows that Megan doesn’t have a storybook yet, and that everyone is only supposed to have one. Brian hides the extra storybook in his desk.","Now there are two storybooks left, and Brian and Megan are the last two kids without storybooks. But when Brian goes to get his storybook, he decides to take both storybooks, even though he knows that Megan doesn’t have a storybook yet, and that everyone is only supposed to have one. Brian hides the extra storybook in his desk.","Now there are two storybooks left, and Brian and Megan are the last two kids without storybooks. But when Brian goes to get his storybook, he decides to take both storybooks, even though he knows that Megan doesn’t have a storybook yet, and that everyone is only supposed to have one. Brian hides the extra storybook in his desk.","ToM-scene-10-instruct2

Sheet: translation-items-v2"
1085,ToM-scene-10-q1-emotion_reasoning,,How does Megan feel about being the only child without a storybook?,How does Megan feel about being the only child without a storybook?,How does Megan feel about being the only child without a storybook?,"ToM-scene-10-q1-emotion_reasoning

Sheet: translation-items-v2"
1086,ToM-scene-10-q2-emotion_reasoning,,How would Megan feel if she received a book?,How would Megan feel if she received a book?,How would Megan feel if she received a book?,"ToM-scene-10-q2-emotion_reasoning

Sheet: translation-items-v2"
1087,ToM-scene-10-instruct3,,"Teacher Sarah asks Brian, “Is there a storybook leftover, so Megan can have one?” and Brian tells Teacher Sarah “No, there is no storybook left - they are all being used right now.”","Teacher Sarah asks Brian, “Is there a storybook leftover, so Megan can have one?” and Brian tells Teacher Sarah “No, there is no storybook left - they are all being used right now.”","Teacher Sarah asks Brian, “Is there a storybook leftover, so Megan can have one?” and Brian tells Teacher Sarah “No, there is no storybook left - they are all being used right now.”","ToM-scene-10-instruct3

Sheet: translation-items-v2"
1088,ToM-scene-10-q3-reality_check,,Is Brian lying?,Is Brian lying?,Is Brian lying?,"ToM-scene-10-q3-reality_check

Sheet: translation-items-v2"
1089,ToM-scene-10-q4-reality_check,,"Is there still a storybook left, that isn’t being used right now?","Is there still a storybook left, that isn’t being used right now?","Is there still a storybook left, that isn’t being used right now?","ToM-scene-10-q4-reality_check

Sheet: translation-items-v2"
1090,ToM-scene-10-instruct4,,"Megan is sad that she doesn’t have a storybook, and asks Teacher Sarah - is there an extra storybook for me? And Teacher Sarah says, “I’m so sorry Megan, but there are no storybooks left, they are all being used right now.”","Megan is sad that she doesn’t have a storybook, and asks Teacher Sarah - is there an extra storybook for me? And Teacher Sarah says, “I’m so sorry Megan, but there are no storybooks left, they are all being used right now.”","Megan is sad that she doesn’t have a storybook, and asks Teacher Sarah - is there an extra storybook for me? And Teacher Sarah says, “I’m so sorry Megan, but there are no storybooks left, they are all being used right now.”","ToM-scene-10-instruct4

Sheet: translation-items-v2"
1091,ToM-scene-10-q5-false_belief,,Is Teacher Sarah lying?,Is Teacher Sarah lying?,Is Teacher Sarah lying?,"ToM-scene-10-q5-false_belief

Sheet: translation-items-v2"
1092,ToM-scene-10-q6-reality_check,,"Is there still a storybook left, that isn’t being used right now?","Is there still a storybook left, that isn’t being used right now?","Is there still a storybook left, that isn’t being used right now?","ToM-scene-10-q6-reality_check

Sheet: translation-items-v2"
1093,ToM-scene-11-instruct1,,"This is Josh. And earlier today, Josh was tidying his room. Josh put his big basketball on his desk, his medium-sized soccer ball on his table, and his small baseball down on the bottom shelf.","This is Josh. And earlier today, Josh was tidying his room. Josh put his big basketball on his desk, his medium-sized soccer ball on his table, and his small baseball down on the bottom shelf.","This is Josh. And earlier today, Josh was tidying his room. Josh put his big basketball on his desk, his medium-sized soccer ball on his table, and his small baseball down on the bottom shelf.","ToM-scene-11-instruct1

Sheet: translation-items-v2"
1094,ToM-scene-11-instruct2,,"Josh’s mom just walked in and Josh asks his mom to get one of the toys. And Josh tells his mom, “I want the small ball!”","Josh’s mom just walked in and Josh asks his mom to get one of the toys. And Josh tells his mom, “I want the small ball!”","Josh’s mom just walked in and Josh asks his mom to get one of the toys. And Josh tells his mom, “I want the small ball!”","ToM-scene-11-instruct2

Sheet: translation-items-v2"
1095,ToM-scene-11-q1-reference,,Which ball will mom get for Josh?,Which ball will mom get for Josh?,Which ball will mom get for Josh?,"ToM-scene-11-q1-reference

Sheet: translation-items-v2"
1096,ToM-scene-11-q2-reality_check,,Which ball does Josh want?,Which ball does Josh want?,Which ball does Josh want?,"ToM-scene-11-q2-reality_check

Sheet: translation-items-v2"
1097,baseball,,The baseball,The baseball,The baseball,"baseball

Sheet: translation-items-v2"
1098,soccerball,,The soccer ball,The soccer ball,The soccer ball,"soccerball

Sheet: translation-items-v2"
1099,basketball,,The basketball,The basketball,The basketball,"basketball

Sheet: translation-items-v2"
1100,ToM-scene-11-q3-emotion_reasoning,,Josh wanted the baseball but mom gave him the soccer ball! How do you think Josh feels about receiving the wrong toy?,Josh wanted the baseball but mom gave him the soccer ball! How do you think Josh feels about receiving the wrong toy?,Josh wanted the baseball but mom gave him the soccer ball! How do you think Josh feels about receiving the wrong toy?,"ToM-scene-11-q3-emotion_reasoning

Sheet: translation-items-v2"
1101,ToM-scene-11-q4-emotion_reasoning,,How do you think Josh would feel if he had received the correct toy?,How do you think Josh would feel if he had received the correct toy?,How do you think Josh would feel if he had received the correct toy?,"ToM-scene-11-q4-emotion_reasoning

Sheet: translation-items-v2"
1102,ToM-scene-12-instruct1,,"This morning, Dad asked Emma what toy she would like to take to school, and Emma told him that she would like to play with her green ball at recess.","This morning, Dad asked Emma what toy she would like to take to school, and Emma told him that she would like to play with her green ball at recess.","This morning, Dad asked Emma what toy she would like to take to school, and Emma told him that she would like to play with her green ball at recess.","ToM-scene-12-instruct1

Sheet: translation-items-v2"
1103,ToM-scene-12-instruct2,,"Then Emma went to her room to get ready for school. While she was getting ready, she changed her mind, so she yelled to her dad, “Actually, may I please have my red ball instead?” and kept getting ready for school. But Dad did not hear Emma ask for her red ball.","Then Emma went to her room to get ready for school. While she was getting ready, she changed her mind, so she yelled to her dad, “Actually, may I please have my red ball instead?” and kept getting ready for school. But Dad did not hear Emma ask for her red ball.","Then Emma went to her room to get ready for school. While she was getting ready, she changed her mind, so she yelled to her dad, “Actually, may I please have my red ball instead?” and kept getting ready for school. But Dad did not hear Emma ask for her red ball.","ToM-scene-12-instruct2

Sheet: translation-items-v2"
1104,ToM-scene-12-q1-false_belief,,Which toy does Dad think Emma wants to bring to school?,Which toy does Dad think Emma wants to bring to school?,Which toy does Dad think Emma wants to bring to school?,"ToM-scene-12-q1-false_belief

Sheet: translation-items-v2"
1105,ToM-scene-12-instruct3,,"Dad didn’t hear Emma say she wants her red ball. So dad thinks Emma wants her green ball. Dad goes to pack Emma’s bag, but can’t find her green ball in the toy box! But dad finds a purple ball in the toy box, so he packs the purple ball for Emma instead.","Dad didn’t hear Emma say she wants her red ball. So dad thinks Emma wants her green ball. Dad goes to pack Emma’s bag, but can’t find her green ball in the toy box! But dad finds a purple ball in the toy box, so he packs the purple ball for Emma instead.","Dad didn’t hear Emma say she wants her red ball. So dad thinks Emma wants her green ball. Dad goes to pack Emma’s bag, but can’t find her green ball in the toy box! But dad finds a purple ball in the toy box, so he packs the purple ball for Emma instead.","ToM-scene-12-instruct3

Sheet: translation-items-v2"
1106,ToM-scene-12-q2-false_belief,,Does Emma know that Dad packed the purple ball?,Does Emma know that Dad packed the purple ball?,Does Emma know that Dad packed the purple ball?,"ToM-scene-12-q2-false_belief

Sheet: translation-items-v2"
1107,ToM-scene-12-q3-false_belief,,Which ball does Emma think Dad packed?,Which ball does Emma think Dad packed?,Which ball does Emma think Dad packed?,"ToM-scene-12-q3-false_belief

Sheet: translation-items-v2"
1108,greenball,,The green ball,The green ball,The green ball,"greenball

Sheet: translation-items-v2"
1109,redball,,The red ball,The red ball,The red ball,"redball

Sheet: translation-items-v2"
1110,purpleball,,The purple ball,The purple ball,The purple ball,"purpleball

Sheet: translation-items-v2"
1111,ToM-scene-12-instruct4,,"On the way to school, Dad tells Emma, “I’m so sorry - I couldn’t pack the toy that you wanted because I couldn’t find it”.","On the way to school, Dad tells Emma, “I’m so sorry - I couldn’t pack the toy that you wanted because I couldn’t find it”.","On the way to school, Dad tells Emma, “I’m so sorry - I couldn’t pack the toy that you wanted because I couldn’t find it”.","ToM-scene-12-instruct4

Sheet: translation-items-v2"
1112,ToM-scene-12-q4-reality_check,,What toy does Emma want?,What toy does Emma want?,What toy does Emma want?,"ToM-scene-12-q4-reality_check

Sheet: translation-items-v2"
1113,ToM-scene-12-q5-reality_check,,What toy did Dad pack for Emma?,What toy did Dad pack for Emma?,What toy did Dad pack for Emma?,"ToM-scene-12-q5-reality_check

Sheet: translation-items-v2"
1114,ToM-scene-12-instruct5,,Emma is very happy to play with her ball.,Emma is very happy to play with her ball.,Emma is very happy to play with her ball.,"ToM-scene-12-instruct5

Sheet: translation-items-v2"
